requirement_id,source_document,section_lines,classification,requirement,owner_clarification,user_scenario,measurable_acceptance,entrypoints,implementation,runtime,evidence,business_acceptance,evidence_refs,gap_risk_dependency,minimal_direction,primary_package,supporting_packages,finding_ids,roadmap_status,reconciliation_note,package_exit
M-001,AI_LAB_MASTER_PLAN.txt,91-118,cel,"Jeden zintegrowany system CRM, dokumentów i AI","Decyzje 2026-09-07: Qwen 9B pozostaje reasonerem, Temporary Chat pozostaje dla Visual/Advanced, KB pozostaje, Android przez istniejący emulator; bez równoległego redesignu.",Użytkownik realizuje opisany przypadek w autoryzowanym zakresie.,Użytkownik wykonuje pełny przepływ bez równoległych silosów,"backend/app, frontend/lib, compose.yaml",PARTIAL,ACTIVE,INTEGRATION,NOT_VERIFIED,AUDIT_REPORT.md; TEST_EVIDENCE.md; RUNTIME_MANIFEST.json,Brak ofert i umów oraz niespójne generacje AI.,Zachować implementację; uzupełnić brakujący dowód biznesowy/E2E.,R23,R16;R20;R18;R19,,PLANNED_NOT_ACCEPTED,Status audytu zachowany; mapowanie nie jest potwierdzeniem odbioru.,Kamień K2: odebrany zakres operacyjny. „Pełny Masterplan” wolno napisać tylko przy spełnieniu wszystkich wymaganych pozycji albo z jawnym opisem zatwierdzonej zmiany specyfikacji.
M-002,AI_LAB_MASTER_PLAN.txt,119-165,ograniczenie,Local-first z kontrolowaną eskalacją,"Decyzje 2026-09-07: Qwen 9B pozostaje reasonerem, Temporary Chat pozostaje dla Visual/Advanced, KB pozostaje, Android przez istniejący emulator; bez równoległego redesignu.",Użytkownik realizuje opisany przypadek w autoryzowanym zakresie.,"Dane pozostają lokalne, eksport tylko po klasyfikacji i minimalizacji","unified_assistant_service.py, advanced_analysis_orchestrator.py",PRESENT,ACTIVE,INTEGRATION,NOT_VERIFIED,AUDIT_REPORT.md; TEST_EVIDENCE.md; RUNTIME_MANIFEST.json,Temporary Chat nie miał bieżącego bezpiecznego smoke.,Zachować implementację; uzupełnić brakujący dowód biznesowy/E2E.,R15,R05;R09;R13,,PLANNED_NOT_ACCEPTED,Status audytu zachowany; mapowanie nie jest potwierdzeniem odbioru.,"Obie ścieżki Temporary Chat mają dzisiejszy evidence i wersję workerów; poprawność, użyteczność i bezpieczeństwo odebrane razem."
M-003,AI_LAB_MASTER_PLAN.txt,166-214,wymaganie,Dockerowa infrastruktura usług,"Decyzje 2026-09-07: Qwen 9B pozostaje reasonerem, Temporary Chat pozostaje dla Visual/Advanced, KB pozostaje, Android przez istniejący emulator; bez równoległego redesignu.",Użytkownik realizuje opisany przypadek w autoryzowanym zakresie.,"PostgreSQL, Qdrant, Ollama, backend, n8n i Web działają i są odseparowane","compose.yaml, operations",PRESENT,ACTIVE,E2E,DEMONSTRATED,AUDIT_REPORT.md; TEST_EVIDENCE.md; RUNTIME_MANIFEST.json,Dodatkowy nieprzypisany PostgreSQL 10 wymaga decyzji właściciela.,Zachować implementację; uzupełnić brakujący dowód biznesowy/E2E.,R04,R22;R24,,PLANNED_NOT_ACCEPTED,Status audytu zachowany; mapowanie nie jest potwierdzeniem odbioru.,RELEASE_ID + compatibility manifest gotowe. Stan source-ready/staged/deployed/accepted jest rozdzielony. Samo przygotowanie nie oznacza promocji rescue.
M-004,AI_LAB_MASTER_PLAN.txt,166-214,wymaganie,Publiczna/prywatna granica sterowania,"Decyzje 2026-09-07: Qwen 9B pozostaje reasonerem, Temporary Chat pozostaje dla Visual/Advanced, KB pozostaje, Android przez istniejący emulator; bez równoległego redesignu.",Użytkownik realizuje opisany przypadek w autoryzowanym zakresie.,"Publiczny gateway nie udostępnia /control, prywatny może","operations/gateway, operations/supervisor",PRESENT,ACTIVE,E2E,DEMONSTRATED,AUDIT_REPORT.md; TEST_EVIDENCE.md; RUNTIME_MANIFEST.json,"Gatewaye są uruchamiane z brudnego repo, choć kod zgodny z main.",Zachować implementację; uzupełnić brakujący dowód biznesowy/E2E.,R04,R22,FND-014,PLANNED_NOT_ACCEPTED,Status audytu zachowany; mapowanie nie jest potwierdzeniem odbioru.,RELEASE_ID + compatibility manifest gotowe. Stan source-ready/staged/deployed/accepted jest rozdzielony. Samo przygotowanie nie oznacza promocji rescue.
M-005,AI_LAB_MASTER_PLAN.txt,215-295,wymaganie,Relacyjny model CRM i AI,"Decyzje 2026-09-07: Qwen 9B pozostaje reasonerem, Temporary Chat pozostaje dla Visual/Advanced, KB pozostaje, Android przez istniejący emulator; bez równoległego redesignu.",Użytkownik realizuje opisany przypadek w autoryzowanym zakresie.,"Encje mają FK, statusy i migracje Alembic","backend/app/models, backend/alembic",PARTIAL,ACTIVE,INTEGRATION,NOT_VERIFIED,AUDIT_REPORT.md; TEST_EVIDENCE.md; RUNTIME_MANIFEST.json,Brak modeli ofert i umów; Visual V2 tylko w rescue bez migracji.,Zachować implementację; uzupełnić brakujący dowód biznesowy/E2E.,R20,R06;R17;R18;R19,,PLANNED_NOT_ACCEPTED,Status audytu zachowany; mapowanie nie jest potwierdzeniem odbioru.,"Istniejące DEMONSTRATED pozostają objęte regresją, braki mają małe zakończone slice, a nie nową implementację CRM."
M-006,AI_LAB_MASTER_PLAN.txt,215-295,wymaganie,Użytkownicy i role,"Decyzje 2026-09-07: Qwen 9B pozostaje reasonerem, Temporary Chat pozostaje dla Visual/Advanced, KB pozostaje, Android przez istniejący emulator; bez równoległego redesignu.",Użytkownik realizuje opisany przypadek w autoryzowanym zakresie.,Administrator/User mają autoryzowane endpointy i cykl życia,"models/user.py, api/auth.py, api/users.py",PRESENT,ACTIVE,INTEGRATION,DEMONSTRATED,AUDIT_REPORT.md; TEST_EVIDENCE.md; RUNTIME_MANIFEST.json,Brak bieżącego pełnego audytu wszystkich kombinacji RBAC.,Zachować implementację; uzupełnić brakujący dowód biznesowy/E2E.,R20,,,PLANNED_NOT_ACCEPTED,Status audytu zachowany; mapowanie nie jest potwierdzeniem odbioru.,"Istniejące DEMONSTRATED pozostają objęte regresją, braki mają małe zakończone slice, a nie nową implementację CRM."
M-007,AI_LAB_MASTER_PLAN.txt,215-295,wymaganie,Klient jako centralny rekord,"Decyzje 2026-09-07: Qwen 9B pozostaje reasonerem, Temporary Chat pozostaje dla Visual/Advanced, KB pozostaje, Android przez istniejący emulator; bez równoległego redesignu.",Użytkownik realizuje opisany przypadek w autoryzowanym zakresie.,"Klient agreguje kontakty, adresy, dokumenty, projekty i historię","models/client.py, api/clients, frontend/features/clients",PRESENT,ACTIVE,E2E,DEMONSTRATED,AUDIT_REPORT.md; TEST_EVIDENCE.md; RUNTIME_MANIFEST.json,Dane historyczne nadal mają jakościowe wyjątki.,Zachować implementację; uzupełnić brakujący dowód biznesowy/E2E.,R20,,,PLANNED_NOT_ACCEPTED,Status audytu zachowany; mapowanie nie jest potwierdzeniem odbioru.,"Istniejące DEMONSTRATED pozostają objęte regresją, braki mają małe zakończone slice, a nie nową implementację CRM."
M-008,AI_LAB_MASTER_PLAN.txt,215-295,wymaganie,Kontakty i osoby kontaktowe,"Decyzje 2026-09-07: Qwen 9B pozostaje reasonerem, Temporary Chat pozostaje dla Visual/Advanced, KB pozostaje, Android przez istniejący emulator; bez równoległego redesignu.",Użytkownik realizuje opisany przypadek w autoryzowanym zakresie.,"Wiele kontaktów, osoba preferowana i decyzyjna są trwałe","models/contact_person.py, client_service.py",PRESENT,ACTIVE,INTEGRATION,DEMONSTRATED,AUDIT_REPORT.md; TEST_EVIDENCE.md; RUNTIME_MANIFEST.json,Decyzje kontaktowe followup nadal wymagają domknięcia produktu.,Zachować implementację; uzupełnić brakujący dowód biznesowy/E2E.,R20,R01,,PLANNED_NOT_ACCEPTED,"C-005: followup CHUNK26 dokumentuje wybraną i wdrożoną opcję ContactPerson B z 22.08.2026. Zweryfikować implementację/runtime, nie żądać ponownej decyzji A/B ani nowej migracji bez nowego wymagania.","Istniejące DEMONSTRATED pozostają objęte regresją, braki mają małe zakończone slice, a nie nową implementację CRM."
M-009,AI_LAB_MASTER_PLAN.txt,215-295,wymaganie,Adresy i lokalizacje,"Decyzje 2026-09-07: Qwen 9B pozostaje reasonerem, Temporary Chat pozostaje dla Visual/Advanced, KB pozostaje, Android przez istniejący emulator; bez równoległego redesignu.",Użytkownik realizuje opisany przypadek w autoryzowanym zakresie.,Adresy klienta i realizacji są rozdzielone i walidowane,"models/address.py, client_service.py",PRESENT,ACTIVE,INTEGRATION,DEMONSTRATED,AUDIT_REPORT.md; TEST_EVIDENCE.md; RUNTIME_MANIFEST.json,Historyczne rekordy country-only były naprawiane projekcyjnie.,Zachować implementację; uzupełnić brakujący dowód biznesowy/E2E.,R20,,,PLANNED_NOT_ACCEPTED,Status audytu zachowany; mapowanie nie jest potwierdzeniem odbioru.,"Istniejące DEMONSTRATED pozostają objęte regresją, braki mają małe zakończone slice, a nie nową implementację CRM."
M-010,AI_LAB_MASTER_PLAN.txt,215-295,wymaganie,Realizacje i wizje lokalne,"Decyzje 2026-09-07: Qwen 9B pozostaje reasonerem, Temporary Chat pozostaje dla Visual/Advanced, KB pozostaje, Android przez istniejący emulator; bez równoległego redesignu.",Użytkownik realizuje opisany przypadek w autoryzowanym zakresie.,"Projekt i inspection są przypisane do klienta, lokalizacji i dokumentów","models/project.py, models/inspection.py, api/projects.py, api/inspections.py",PRESENT,ACTIVE,INTEGRATION,NOT_VERIFIED,AUDIT_REPORT.md; TEST_EVIDENCE.md; RUNTIME_MANIFEST.json,Mała liczba danych produkcyjnych; brak pełnego scenariusza terenowego.,Zachować implementację; uzupełnić brakujący dowód biznesowy/E2E.,R20,R16,,PLANNED_NOT_ACCEPTED,Status audytu zachowany; mapowanie nie jest potwierdzeniem odbioru.,"Istniejące DEMONSTRATED pozostają objęte regresją, braki mają małe zakończone slice, a nie nową implementację CRM."
M-011,AI_LAB_MASTER_PLAN.txt,215-295,wymaganie,"Dokument, strony, assety i pochodzenie","Decyzje 2026-09-07: Qwen 9B pozostaje reasonerem, Temporary Chat pozostaje dla Visual/Advanced, KB pozostaje, Android przez istniejący emulator; bez równoległego redesignu.",Użytkownik realizuje opisany przypadek w autoryzowanym zakresie.,"Każdy materiał zachowuje checksum, źródło i powiązania","models/document.py, document_page.py, document_asset.py",PRESENT,ACTIVE,INTEGRATION,DEMONSTRATED,AUDIT_REPORT.md; TEST_EVIDENCE.md; RUNTIME_MANIFEST.json,Tylko 57 dokumentów ma chunks i mało stron/assetów jest zmaterializowanych.,Zachować implementację; uzupełnić brakujący dowód biznesowy/E2E.,R10,R14,,PLANNED_NOT_ACCEPTED,Status audytu zachowany; mapowanie nie jest potwierdzeniem odbioru.,Proces istniejący działa dla zatwierdzonych formatów i ograniczeń. Aktywacja nowej pracy produkcyjnej dopiero po osobnym planie rollout/pause.
M-012,AI_LAB_MASTER_PLAN.txt,215-295,wymaganie,Trwałe rozmowy i komunikaty,"Decyzje 2026-09-07: Qwen 9B pozostaje reasonerem, Temporary Chat pozostaje dla Visual/Advanced, KB pozostaje, Android przez istniejący emulator; bez równoległego redesignu.",Użytkownik realizuje opisany przypadek w autoryzowanym zakresie.,Historia użytkownika i Asystenta jest serwerowa i właścicielska,"models/conversation.py, message.py, assistant_run.py",PRESENT,ACTIVE,INTEGRATION,NOT_VERIFIED,AUDIT_REPORT.md; TEST_EVIDENCE.md; RUNTIME_MANIFEST.json,Wyścig delete/publikacja pozostaje w main; poprawka tylko w rescue.,Zachować implementację; uzupełnić brakujący dowód biznesowy/E2E.,R06,R16,FND-006,PLANNED_NOT_ACCEPTED,Status audytu zachowany; mapowanie nie jest potwierdzeniem odbioru.,Poprawki działają na docelowym kandydacie z izolowaną integracją; po R16 także w aplikacji. Nie przenosić statusu rescue PASS do produkcji bez deploy evidence.
M-013,AI_LAB_MASTER_PLAN.txt,215-295,wymaganie,Oferty jako wersjonowane encje,"Decyzje 2026-09-07: Qwen 9B pozostaje reasonerem, Temporary Chat pozostaje dla Visual/Advanced, KB pozostaje, Android przez istniejący emulator; bez równoległego redesignu.",Użytkownik realizuje opisany przypadek w autoryzowanym zakresie.,"Draft, rewizje, statusy i approval są trwałe","przeszukano backend/app/models, api, services i frontend/lib",NOT_FOUND_IN_AUDITED_SCOPE,NOT_APPLICABLE,NONE,NOT_VERIFIED,AUDIT_REPORT.md; TEST_EVIDENCE.md; RUNTIME_MANIFEST.json,"Brak modelu, API i UI ofert.",Dostarczyć brakującą funkcję jako mały zatwierdzony pakiet z projektem danych/API/UI.,R18,,FND-001,PLANNED_NOT_ACCEPTED,Status audytu zachowany; mapowanie nie jest potwierdzeniem odbioru.,"M-013/M-051/M-052 mają działające encje, API/UI i odbiór właściciela; sam wygenerowany tekst nie wystarcza."
M-014,AI_LAB_MASTER_PLAN.txt,215-295,wymaganie,Umowy jako wersjonowane encje,"Decyzje 2026-09-07: Qwen 9B pozostaje reasonerem, Temporary Chat pozostaje dla Visual/Advanced, KB pozostaje, Android przez istniejący emulator; bez równoległego redesignu.",Użytkownik realizuje opisany przypadek w autoryzowanym zakresie.,Umowa powstaje z zaakceptowanej oferty i ma approval,"przeszukano backend/app/models, api, services i frontend/lib",NOT_FOUND_IN_AUDITED_SCOPE,NOT_APPLICABLE,NONE,NOT_VERIFIED,AUDIT_REPORT.md; TEST_EVIDENCE.md; RUNTIME_MANIFEST.json,"Brak modelu, API i UI umów.",Dostarczyć brakującą funkcję jako mały zatwierdzony pakiet z projektem danych/API/UI.,R19,,FND-001,PLANNED_NOT_ACCEPTED,Status audytu zachowany; mapowanie nie jest potwierdzeniem odbioru.,M-014/M-053 i końcowa część §42 działają w UI ze źródłem warunków i pełnym audytem.
M-015,AI_LAB_MASTER_PLAN.txt,296-345,wymaganie,Flutter CRM jako główny interfejs,"Decyzje 2026-09-07: Qwen 9B pozostaje reasonerem, Temporary Chat pozostaje dla Visual/Advanced, KB pozostaje, Android przez istniejący emulator; bez równoległego redesignu.",Użytkownik realizuje opisany przypadek w autoryzowanym zakresie.,Lista i Client 360 są responsywne na Windows/Android/Web,"frontend/lib/features/clients, app_shell.dart",PRESENT,ACTIVE,INTEGRATION,DEMONSTRATED,AUDIT_REPORT.md; TEST_EVIDENCE.md; RUNTIME_MANIFEST.json,Android runtime niezweryfikowany w tym audycie.,Zachować implementację; uzupełnić brakujący dowód biznesowy/E2E.,R16,R04;R20,,PLANNED_NOT_ACCEPTED,Status audytu zachowany; mapowanie nie jest potwierdzeniem odbioru.,"Kamień K1: działający CRM + analityczny Asystent, gotowy do osobnego kontrolowanego wydania, mimo nadal otwartych ofert/umów/metod. Nie oznaczać pełnego Masterplan PASS."
M-016,AI_LAB_MASTER_PLAN.txt,346-408,wymaganie,"Wyszukiwanie, filtrowanie i sortowanie klientów","Decyzje 2026-09-07: Qwen 9B pozostaje reasonerem, Temporary Chat pozostaje dla Visual/Advanced, KB pozostaje, Android przez istniejący emulator; bez równoległego redesignu.",Użytkownik realizuje opisany przypadek w autoryzowanym zakresie.,Server-side wyniki są poprawne i zachowują stan UI,"client_service.py, global_search_service.py, clients_page.dart",PRESENT,ACTIVE,INTEGRATION,DEMONSTRATED,AUDIT_REPORT.md; TEST_EVIDENCE.md; RUNTIME_MANIFEST.json,Brak bieżącego dużego testu wydajności produkcyjnej.,Zachować implementację; uzupełnić brakujący dowód biznesowy/E2E.,R20,,,PLANNED_NOT_ACCEPTED,Status audytu zachowany; mapowanie nie jest potwierdzeniem odbioru.,"Istniejące DEMONSTRATED pozostają objęte regresją, braki mają małe zakończone slice, a nie nową implementację CRM."
M-017,AI_LAB_MASTER_PLAN.txt,346-408,wymaganie,Pełny profil Client 360,"Decyzje 2026-09-07: Qwen 9B pozostaje reasonerem, Temporary Chat pozostaje dla Visual/Advanced, KB pozostaje, Android przez istniejący emulator; bez równoległego redesignu.",Użytkownik realizuje opisany przypadek w autoryzowanym zakresie.,"Sekcje klienta są leniwe, edytowalne i powiązane","client_details_page.dart, client_workspace_panels.dart",PRESENT,ACTIVE,INTEGRATION,DEMONSTRATED,AUDIT_REPORT.md; TEST_EVIDENCE.md; RUNTIME_MANIFEST.json,"Nie wszystkie sekcje z pełnego masterplanu istnieją, zwłaszcza oferta/umowa.",Zachować implementację; uzupełnić brakujący dowód biznesowy/E2E.,R20,R18;R19,,PLANNED_NOT_ACCEPTED,Status audytu zachowany; mapowanie nie jest potwierdzeniem odbioru.,"Istniejące DEMONSTRATED pozostają objęte regresją, braki mają małe zakończone slice, a nie nową implementację CRM."
M-018,AI_LAB_MASTER_PLAN.txt,409-471,wymaganie,"Import manualny, e-mail i aparat","Decyzje 2026-09-07: Qwen 9B pozostaje reasonerem, Temporary Chat pozostaje dla Visual/Advanced, KB pozostaje, Android przez istniejący emulator; bez równoległego redesignu.",Użytkownik realizuje opisany przypadek w autoryzowanym zakresie.,Każde wejście tworzy canonical Document z provenance,"document_service.py, document_archive_service.py, Gmail/n8n ingestion",PRESENT,ACTIVE,CODE_ONLY,NOT_VERIFIED,AUDIT_REPORT.md; TEST_EVIDENCE.md; RUNTIME_MANIFEST.json,Pokrycia mailbox->DB nie udało się bezpiecznie dowieść.,Zachować implementację; uzupełnić brakujący dowód biznesowy/E2E.,R12,R10;R20,,PLANNED_NOT_ACCEPTED,Status audytu zachowany; mapowanie nie jest potwierdzeniem odbioru.,Nowy przepływ przyjęcia i powiązania odebrany; historyczne rekordy mają rozstrzygniętą klasę lub jawny backlog zaakceptowany przez właściciela.
M-019,AI_LAB_MASTER_PLAN.txt,409-471,ograniczenie,"Walidacja typów, rozmiaru i integralności","Decyzje 2026-09-07: Qwen 9B pozostaje reasonerem, Temporary Chat pozostaje dla Visual/Advanced, KB pozostaje, Android przez istniejący emulator; bez równoległego redesignu.",Użytkownik realizuje opisany przypadek w autoryzowanym zakresie.,Niebezpieczne/pliki > limit fail-closed,"document_file_safety_service.py, document_service.py",PRESENT,ACTIVE,UNIT,NOT_VERIFIED,AUDIT_REPORT.md; TEST_EVIDENCE.md; RUNTIME_MANIFEST.json,Macierz typów ma niespójności ODP/ODS i formaty CAD są nieobsługiwane.,Zachować implementację; uzupełnić brakujący dowód biznesowy/E2E.,R10,R21,FND-020;FND-021,PLANNED_NOT_ACCEPTED,Status audytu zachowany; mapowanie nie jest potwierdzeniem odbioru.,Proces istniejący działa dla zatwierdzonych formatów i ograniczeń. Aktywacja nowej pracy produkcyjnej dopiero po osobnym planie rollout/pause.
M-020,AI_LAB_MASTER_PLAN.txt,409-471,wymaganie,Deduplikacja po checksum,"Decyzje 2026-09-07: Qwen 9B pozostaje reasonerem, Temporary Chat pozostaje dla Visual/Advanced, KB pozostaje, Android przez istniejący emulator; bez równoległego redesignu.",Użytkownik realizuje opisany przypadek w autoryzowanym zakresie.,Ten sam plik nie tworzy niekontrolowanych duplikatów,"document_service.py, repositories/document_repository.py",PRESENT,ACTIVE,INTEGRATION,NOT_VERIFIED,AUDIT_REPORT.md; TEST_EVIDENCE.md; RUNTIME_MANIFEST.json,Reuse historycznego dokumentu może nie mieć aktualnego preparation/intelligence.,Zachować implementację; uzupełnić brakujący dowód biznesowy/E2E.,R10,,,PLANNED_NOT_ACCEPTED,Status audytu zachowany; mapowanie nie jest potwierdzeniem odbioru.,Proces istniejący działa dla zatwierdzonych formatów i ograniczeń. Aktywacja nowej pracy produkcyjnej dopiero po osobnym planie rollout/pause.
M-021,AI_LAB_MASTER_PLAN.txt,409-471,wymaganie,Dopasowanie dokumentu do klienta z kontrolą,"Decyzje 2026-09-07: Qwen 9B pozostaje reasonerem, Temporary Chat pozostaje dla Visual/Advanced, KB pozostaje, Android przez istniejący emulator; bez równoległego redesignu.",Użytkownik realizuje opisany przypadek w autoryzowanym zakresie.,"Pewne dopasowanie jest deterministyczne, konflikt idzie do review","document_client_matching.py, candidate services",PARTIAL,ACTIVE,INTEGRATION,NOT_VERIFIED,AUDIT_REPORT.md; TEST_EVIDENCE.md; RUNTIME_MANIFEST.json,225 aktywnych gmail attachments bez klienta; ponowna rekonsyliacja jest źle spięta.,Zachować implementację; uzupełnić brakujący dowód biznesowy/E2E.,R12,,FND-003,PLANNED_NOT_ACCEPTED,Status audytu zachowany; mapowanie nie jest potwierdzeniem odbioru.,Nowy przepływ przyjęcia i powiązania odebrany; historyczne rekordy mają rozstrzygniętą klasę lub jawny backlog zaakceptowany przez właściciela.
M-022,AI_LAB_MASTER_PLAN.txt,472-538,wymaganie,Zdjęcia terenowe i EXIF/GPS,"Decyzje 2026-09-07: Qwen 9B pozostaje reasonerem, Temporary Chat pozostaje dla Visual/Advanced, KB pozostaje, Android przez istniejący emulator; bez równoległego redesignu.",Użytkownik realizuje opisany przypadek w autoryzowanym zakresie.,"Zdjęcie zachowuje czas, GPS i powiązanie z inspection","document_metadata_service.py, documents API, intake UI",PARTIAL,ACTIVE,UNIT,NOT_VERIFIED,AUDIT_REPORT.md; TEST_EVIDENCE.md; RUNTIME_MANIFEST.json,Brak fizycznego scenariusza aparat->inspection w tym audycie.,Zachować implementację; uzupełnić brakujący dowód biznesowy/E2E.,R20,R16,,PLANNED_NOT_ACCEPTED,Status audytu zachowany; mapowanie nie jest potwierdzeniem odbioru.,"Istniejące DEMONSTRATED pozostają objęte regresją, braki mają małe zakończone slice, a nie nową implementację CRM."
M-023,AI_LAB_MASTER_PLAN.txt,539-592,wymaganie,Metadane formatów bez utraty Unicode,"Decyzje 2026-09-07: Qwen 9B pozostaje reasonerem, Temporary Chat pozostaje dla Visual/Advanced, KB pozostaje, Android przez istniejący emulator; bez równoległego redesignu.",Użytkownik realizuje opisany przypadek w autoryzowanym zakresie.,Ekstrakcja nie zapisuje niedozwolonych surrogate i jest idempotentna,"document_metadata_service.py, document_metadata_text_safety.py",PRESENT,ACTIVE,UNIT,NOT_VERIFIED,AUDIT_REPORT.md; TEST_EVIDENCE.md; RUNTIME_MANIFEST.json,Historyczny Document 8903 nadal zawiera invalid JSON surrogate.,Zachować implementację; uzupełnić brakujący dowód biznesowy/E2E.,R11,R10,FND-019,PLANNED_NOT_ACCEPTED,Status audytu zachowany; mapowanie nie jest potwierdzeniem odbioru.,Błąd naprawiony lub potwierdzone wcześniejsze usunięcie; zachowany chroniony dowód i reversibility.
M-024,AI_LAB_MASTER_PLAN.txt,593-715,wymaganie,Automatyczna lokalna Document Intelligence,"Decyzje 2026-09-07: Qwen 9B pozostaje reasonerem, Temporary Chat pozostaje dla Visual/Advanced, KB pozostaje, Android przez istniejący emulator; bez równoległego redesignu.",Użytkownik realizuje opisany przypadek w autoryzowanym zakresie.,Każdy nowy wspierany dokument dostaje accepted current artifact bez AssistantRun,"document_preparation_dispatcher.py, document_intelligence_service.py",PRESENT,DISABLED,INTEGRATION,FAILED,AUDIT_REPORT.md; TEST_EVIDENCE.md; RUNTIME_MANIFEST.json,"Flaga preparation=false, 15 queued, 0 artifacts.","Najpierw domknąć istniejący kod i bezpieczny odbiór runtime, bez tworzenia równoległego pipeline.",R10,,FND-002,PLANNED_NOT_ACCEPTED,Status audytu zachowany; mapowanie nie jest potwierdzeniem odbioru.,Proces istniejący działa dla zatwierdzonych formatów i ograniczeń. Aktywacja nowej pracy produkcyjnej dopiero po osobnym planie rollout/pause.
M-025,AI_LAB_MASTER_PLAN.txt,593-715,wymaganie,"Kategoria, podsumowanie i kluczowe dane dokumentu","Decyzje 2026-09-07: Qwen 9B pozostaje reasonerem, Temporary Chat pozostaje dla Visual/Advanced, KB pozostaje, Android przez istniejący emulator; bez równoległego redesignu.",Użytkownik realizuje opisany przypadek w autoryzowanym zakresie.,Artefakt jest związany z checksum/generation i użyteczny w AI,"document_intelligence_service.py, models/document_intelligence_artifact.py",PRESENT,DISABLED,UNIT,NOT_VERIFIED,AUDIT_REPORT.md; TEST_EVIDENCE.md; RUNTIME_MANIFEST.json,Brak produkcyjnego artefaktu.,"Najpierw domknąć istniejący kod i bezpieczny odbiór runtime, bez tworzenia równoległego pipeline.",R10,,FND-002,PLANNED_NOT_ACCEPTED,Status audytu zachowany; mapowanie nie jest potwierdzeniem odbioru.,Proces istniejący działa dla zatwierdzonych formatów i ograniczeń. Aktywacja nowej pracy produkcyjnej dopiero po osobnym planie rollout/pause.
M-026,AI_LAB_MASTER_PLAN.txt,593-715,ograniczenie,Confidence i review zamiast zgadywania,"Decyzje 2026-09-07: Qwen 9B pozostaje reasonerem, Temporary Chat pozostaje dla Visual/Advanced, KB pozostaje, Android przez istniejący emulator; bez równoległego redesignu.",Użytkownik realizuje opisany przypadek w autoryzowanym zakresie.,Niewystarczające dane mają jawny limitation/review,"document_intelligence_service.py, schemas/analysis.py",PRESENT,DISABLED,UNIT,NOT_VERIFIED,AUDIT_REPORT.md; TEST_EVIDENCE.md; RUNTIME_MANIFEST.json,Brak live case.,"Najpierw domknąć istniejący kod i bezpieczny odbiór runtime, bez tworzenia równoległego pipeline.",R15,R10;R13;R17,,PLANNED_NOT_ACCEPTED,Status audytu zachowany; mapowanie nie jest potwierdzeniem odbioru.,"Obie ścieżki Temporary Chat mają dzisiejszy evidence i wersję workerów; poprawność, użyteczność i bezpieczeństwo odebrane razem."
M-027,AI_LAB_MASTER_PLAN.txt,716-763,wymaganie,DocumentPage jako trwała jednostka,"Decyzje 2026-09-07: Qwen 9B pozostaje reasonerem, Temporary Chat pozostaje dla Visual/Advanced, KB pozostaje, Android przez istniejący emulator; bez równoległego redesignu.",Użytkownik realizuje opisany przypadek w autoryzowanym zakresie.,"Numer strony, tekst, OCR, render i status są powiązane z dokumentem","models/document_page.py, document_page_service.py",PRESENT,ACTIVE,INTEGRATION,NOT_VERIFIED,AUDIT_REPORT.md; TEST_EVIDENCE.md; RUNTIME_MANIFEST.json,436 stron dla 5988 aktywnych dokumentów.,Zachować implementację; uzupełnić brakujący dowód biznesowy/E2E.,R10,,FND-022,PLANNED_NOT_ACCEPTED,Status audytu zachowany; mapowanie nie jest potwierdzeniem odbioru.,Proces istniejący działa dla zatwierdzonych formatów i ograniczeń. Aktywacja nowej pracy produkcyjnej dopiero po osobnym planie rollout/pause.
M-028,AI_LAB_MASTER_PLAN.txt,764-812,wymaganie,DocumentAsset dla obrazów osadzonych,"Decyzje 2026-09-07: Qwen 9B pozostaje reasonerem, Temporary Chat pozostaje dla Visual/Advanced, KB pozostaje, Android przez istniejący emulator; bez równoległego redesignu.",Użytkownik realizuje opisany przypadek w autoryzowanym zakresie.,"Asset zachowuje hash, indeks, render i analizę","models/document_asset.py, document_asset_extraction_service.py",PRESENT,ACTIVE,UNIT,NOT_VERIFIED,AUDIT_REPORT.md; TEST_EVIDENCE.md; RUNTIME_MANIFEST.json,Tylko 10 aktywnych assetów; XLSX charts/shapes nie mają pełnych renderów.,Zachować implementację; uzupełnić brakujący dowód biznesowy/E2E.,R10,R05;R15;R21,FND-021,PLANNED_NOT_ACCEPTED,Status audytu zachowany; mapowanie nie jest potwierdzeniem odbioru.,Proces istniejący działa dla zatwierdzonych formatów i ograniczeń. Aktywacja nowej pracy produkcyjnej dopiero po osobnym planie rollout/pause.
M-029,AI_LAB_MASTER_PLAN.txt,813-853,wymaganie,Lokalny OCR wielojęzyczny,"Decyzje 2026-09-07: Qwen 9B pozostaje reasonerem, Temporary Chat pozostaje dla Visual/Advanced, KB pozostaje, Android przez istniejący emulator; bez równoległego redesignu.",Użytkownik realizuje opisany przypadek w autoryzowanym zakresie.,Obraz/skan otrzymuje tekst albo jawny błąd,"document_ocr_service.py, document_office_ocr_service.py",PRESENT,DISABLED,UNIT,NOT_VERIFIED,AUDIT_REPORT.md; TEST_EVIDENCE.md; RUNTIME_MANIFEST.json,Preparation wyłączone; ingestion Vision jest słusznie zablokowane.,"Najpierw domknąć istniejący kod i bezpieczny odbiór runtime, bez tworzenia równoległego pipeline.",R10,,,PLANNED_NOT_ACCEPTED,Status audytu zachowany; mapowanie nie jest potwierdzeniem odbioru.,Proces istniejący działa dla zatwierdzonych formatów i ograniczeń. Aktywacja nowej pracy produkcyjnej dopiero po osobnym planie rollout/pause.
M-030,AI_LAB_MASTER_PLAN.txt,854-920,wymaganie,Etapowy pipeline dokumentu,"Decyzje 2026-09-07: Qwen 9B pozostaje reasonerem, Temporary Chat pozostaje dla Visual/Advanced, KB pozostaje, Android przez istniejący emulator; bez równoległego redesignu.",Użytkownik realizuje opisany przypadek w autoryzowanym zakresie.,validate->metadata->extract/OCR->material->intelligence ma trwałe statusy,"document_preparation_service.py, dispatcher.py",PARTIAL,DISABLED,INTEGRATION,FAILED,AUDIT_REPORT.md; TEST_EVIDENCE.md; RUNTIME_MANIFEST.json,"Kolejka 15 stoi; source ma recovery/fencing, ale brak live acceptance.","Najpierw domknąć istniejący kod i bezpieczny odbiór runtime, bez tworzenia równoległego pipeline.",R10,,FND-002,PLANNED_NOT_ACCEPTED,Status audytu zachowany; mapowanie nie jest potwierdzeniem odbioru.,Proces istniejący działa dla zatwierdzonych formatów i ograniczeń. Aktywacja nowej pracy produkcyjnej dopiero po osobnym planie rollout/pause.
M-031,AI_LAB_MASTER_PLAN.txt,854-920,ograniczenie,"Idempotencja, retry i fencing","Decyzje 2026-09-07: Qwen 9B pozostaje reasonerem, Temporary Chat pozostaje dla Visual/Advanced, KB pozostaje, Android przez istniejący emulator; bez równoległego redesignu.",Użytkownik realizuje opisany przypadek w autoryzowanym zakresie.,"Stary worker nie publikuje po reclaim, lease ma heartbeat","document_preparation_service.py, dispatcher.py",PRESENT,DISABLED,INTEGRATION,NOT_VERIFIED,AUDIT_REPORT.md; TEST_EVIDENCE.md; RUNTIME_MANIFEST.json,"18/18 testów, brak live wykonania.","Najpierw domknąć istniejący kod i bezpieczny odbiór runtime, bez tworzenia równoległego pipeline.",R10,R02;R06;R09,FND-034,PLANNED_NOT_ACCEPTED,Status audytu zachowany; mapowanie nie jest potwierdzeniem odbioru.,Proces istniejący działa dla zatwierdzonych formatów i ograniczeń. Aktywacja nowej pracy produkcyjnej dopiero po osobnym planie rollout/pause.
M-032,AI_LAB_MASTER_PLAN.txt,854-920,wymaganie,Unsupported/integrity errors jawne,"Decyzje 2026-09-07: Qwen 9B pozostaje reasonerem, Temporary Chat pozostaje dla Visual/Advanced, KB pozostaje, Android przez istniejący emulator; bez równoległego redesignu.",Użytkownik realizuje opisany przypadek w autoryzowanym zakresie.,Nieobsługiwany format nie udaje sukcesu,"document_file_safety_service.py, preparation service",PRESENT,ACTIVE,UNIT,DEMONSTRATED,AUDIT_REPORT.md; TEST_EVIDENCE.md; RUNTIME_MANIFEST.json,"Produkcyjne statusy zawierają failed/ocr_required, ale nie pełne pokrycie.",Zachować implementację; uzupełnić brakujący dowód biznesowy/E2E.,R10,,,PLANNED_NOT_ACCEPTED,Status audytu zachowany; mapowanie nie jest potwierdzeniem odbioru.,Proces istniejący działa dla zatwierdzonych formatów i ograniczeń. Aktywacja nowej pracy produkcyjnej dopiero po osobnym planie rollout/pause.
M-033,AI_LAB_MASTER_PLAN.txt,921-965,wymaganie,Testy reprezentatywnych formatów,"Decyzje 2026-09-07: Qwen 9B pozostaje reasonerem, Temporary Chat pozostaje dla Visual/Advanced, KB pozostaje, Android przez istniejący emulator; bez równoległego redesignu.",Użytkownik realizuje opisany przypadek w autoryzowanym zakresie.,"Fixture obejmują text, PDF, Office, image i błędy",backend/test/test_document_*,PRESENT,NOT_APPLICABLE,INTEGRATION,DEMONSTRATED,AUDIT_REPORT.md; TEST_EVIDENCE.md; RUNTIME_MANIFEST.json,Nie wykonano produkcyjnego Office job.,Zachować implementację; uzupełnić brakujący dowód biznesowy/E2E.,R02,R10,FND-033;FND-034,PLANNED_NOT_ACCEPTED,Status audytu zachowany; mapowanie nie jest potwierdzeniem odbioru.,"Zapisany powtarzalny baseline suite, brak niejawnych produkcyjnych zależności i uruchamialne testy naprawianych reguł."
M-034,AI_LAB_MASTER_PLAN.txt,966-1002,decyzja odraczająca,Batch validation przed masowym processingiem,"Decyzje 2026-09-07: Qwen 9B pozostaje reasonerem, Temporary Chat pozostaje dla Visual/Advanced, KB pozostaje, Android przez istniejący emulator; bez równoległego redesignu.",Użytkownik realizuje opisany przypadek w autoryzowanym zakresie.,Nie uruchamiać historii bez owner gate i wyników próbki,"backend/test/process_documents_batch.py, reports",PRESENT,NOT_APPLICABLE,HISTORICAL,OWNER_DECISION,AUDIT_REPORT.md; TEST_EVIDENCE.md; RUNTIME_MANIFEST.json,Masowe przetwarzanie pozostaje zabronione.,Przed zmianą wymagana jawna decyzja właściciela i dry-run/rollback.,R14,R10,,PLANNED_NOT_ACCEPTED,Status audytu zachowany; mapowanie nie jest potwierdzeniem odbioru.,"Mierzalne, uzgodnione pokrycie i jakość podobnych realizacji, ze wskazaniem jakiej części archiwum faktycznie dotyczy odpowiedź."
M-035,AI_LAB_MASTER_PLAN.txt,1003-1044,wymaganie,Semantyczny chunking zachowujący strukturę,"Decyzje 2026-09-07: Qwen 9B pozostaje reasonerem, Temporary Chat pozostaje dla Visual/Advanced, KB pozostaje, Android przez istniejący emulator; bez równoległego redesignu.",Użytkownik realizuje opisany przypadek w autoryzowanym zakresie.,Chunk ma source/page/section i kontrolowany overlap,document_chunking_service.py,PRESENT,ACTIVE,UNIT,NOT_VERIFIED,AUDIT_REPORT.md; TEST_EVIDENCE.md; RUNTIME_MANIFEST.json,Tylko 57 chunks w produkcji.,Zachować implementację; uzupełnić brakujący dowód biznesowy/E2E.,R14,,FND-022,PLANNED_NOT_ACCEPTED,Status audytu zachowany; mapowanie nie jest potwierdzeniem odbioru.,"Mierzalne, uzgodnione pokrycie i jakość podobnych realizacji, ze wskazaniem jakiej części archiwum faktycznie dotyczy odpowiedź."
M-036,AI_LAB_MASTER_PLAN.txt,1045-1068,wymaganie,Embedding jako osobna funkcja,"Decyzje 2026-09-07: Qwen 9B pozostaje reasonerem, Temporary Chat pozostaje dla Visual/Advanced, KB pozostaje, Android przez istniejący emulator; bez równoległego redesignu.",Użytkownik realizuje opisany przypadek w autoryzowanym zakresie.,qwen3-embedding generuje wektory z wersją i wymiarem,"embedding_service.py, config.py",PRESENT,ACTIVE,INTEGRATION,NOT_VERIFIED,AUDIT_REPORT.md; TEST_EVIDENCE.md; RUNTIME_MANIFEST.json,Model embedding rezydent; ownership po restartach jest procesowe.,Zachować implementację; uzupełnić brakujący dowód biznesowy/E2E.,R09,R13;R14,FND-023,PLANNED_NOT_ACCEPTED,Status audytu zachowany; mapowanie nie jest potwierdzeniem odbioru.,Local-only użyteczny scenariusz i zasoby odebrane na właściwym zestawie; modele historyczne zachowane do końcowego consumer audit.
M-037,AI_LAB_MASTER_PLAN.txt,1069-1113,wymaganie,Qdrant z payload i generacją,"Decyzje 2026-09-07: Qwen 9B pozostaje reasonerem, Temporary Chat pozostaje dla Visual/Advanced, KB pozostaje, Android przez istniejący emulator; bez równoległego redesignu.",Użytkownik realizuje opisany przypadek w autoryzowanym zakresie.,"Kolekcje są zdrowe, punkty odtwarzalne i scope-filtered","qdrant_vector_store.py, qdrant admin",PRESENT,ACTIVE,E2E,NOT_VERIFIED,AUDIT_REPORT.md; TEST_EVIDENCE.md; RUNTIME_MANIFEST.json,57 document i 157 KB punktów; pokrycie korpusu częściowe.,Zachować implementację; uzupełnić brakujący dowód biznesowy/E2E.,R14,R03;R13,FND-022,PLANNED_NOT_ACCEPTED,Status audytu zachowany; mapowanie nie jest potwierdzeniem odbioru.,"Mierzalne, uzgodnione pokrycie i jakość podobnych realizacji, ze wskazaniem jakiej części archiwum faktycznie dotyczy odpowiedź."
M-038,AI_LAB_MASTER_PLAN.txt,1114-1157,wymaganie,Global search tekstowy i semantyczny,"Decyzje 2026-09-07: Qwen 9B pozostaje reasonerem, Temporary Chat pozostaje dla Visual/Advanced, KB pozostaje, Android przez istniejący emulator; bez równoległego redesignu.",Użytkownik realizuje opisany przypadek w autoryzowanym zakresie.,Naturalne pytanie znajduje właściwy klient/dokument/projekt,"global_search_service.py, semantic search",PRESENT,ACTIVE,INTEGRATION,DEMONSTRATED,AUDIT_REPORT.md; TEST_EVIDENCE.md; RUNTIME_MANIFEST.json,Nie wszystkie typy/formaty mają indeks.,Zachować implementację; uzupełnić brakujący dowód biznesowy/E2E.,R14,R20,,PLANNED_NOT_ACCEPTED,Status audytu zachowany; mapowanie nie jest potwierdzeniem odbioru.,"Mierzalne, uzgodnione pokrycie i jakość podobnych realizacji, ze wskazaniem jakiej części archiwum faktycznie dotyczy odpowiedź."
M-039,AI_LAB_MASTER_PLAN.txt,1114-1157,ograniczenie,Filtry muszą poprzedzać limit,"Decyzje 2026-09-07: Qwen 9B pozostaje reasonerem, Temporary Chat pozostaje dla Visual/Advanced, KB pozostaje, Android przez istniejący emulator; bez równoległego redesignu.",Użytkownik realizuje opisany przypadek w autoryzowanym zakresie.,Item/scope filter nie może zgubić trafienia przez globalny top-N,knowledge_base_retrieval_service.py,PARTIAL,ACTIVE,CODE_ONLY,NOT_VERIFIED,AUDIT_REPORT.md; TEST_EVIDENCE.md; RUNTIME_MANIFEST.json,Lexical KB limit jest nakładany przed item_id filter.,Zachować implementację; uzupełnić brakujący dowód biznesowy/E2E.,R08,,FND-009,PLANNED_NOT_ACCEPTED,Preferowany właściwy filtr przed limitem; bounded oversample nie gwarantuje trafienia dla dowolnego corpus.,"Spójny ślad retrieved → selected → actually provided → claimed. Sporna teza ma rozstrzygnięcie na właściwym commicie, nie etykietę z innej gałęzi."
M-040,AI_LAB_MASTER_PLAN.txt,1114-1157,ograniczenie,"Rozróżniaj błąd retrieval, pusty korpus i brak trafienia","Decyzje 2026-09-07: Qwen 9B pozostaje reasonerem, Temporary Chat pozostaje dla Visual/Advanced, KB pozostaje, Android przez istniejący emulator; bez równoległego redesignu.",Użytkownik realizuje opisany przypadek w autoryzowanym zakresie.,Wyjątek nie może wyglądać jak zero wyników,"unified_assistant_service.py, retrieval services",PARTIAL,ACTIVE,CODE_ONLY,NOT_VERIFIED,AUDIT_REPORT.md; TEST_EVIDENCE.md; RUNTIME_MANIFEST.json,Szeroki except zamienia błąd w pustą listę.,Zachować implementację; uzupełnić brakujący dowód biznesowy/E2E.,R08,,FND-011,PLANNED_NOT_ACCEPTED,Status audytu zachowany; mapowanie nie jest potwierdzeniem odbioru.,"Spójny ślad retrieved → selected → actually provided → claimed. Sporna teza ma rozstrzygnięcie na właściwym commicie, nie etykietę z innej gałęzi."
M-041,AI_LAB_MASTER_PLAN.txt,1158-1213,wymaganie,RAG z cytowalnymi źródłami,"Decyzje 2026-09-07: Qwen 9B pozostaje reasonerem, Temporary Chat pozostaje dla Visual/Advanced, KB pozostaje, Android przez istniejący emulator; bez równoległego redesignu.",Użytkownik realizuje opisany przypadek w autoryzowanym zakresie.,Każde twierdzenie ma źródło rzeczywiście przekazane modelowi,"rag_service.py, unified_assistant_service.py",PARTIAL,ACTIVE,INTEGRATION,FAILED,AUDIT_REPORT.md; TEST_EVIDENCE.md; RUNTIME_MANIFEST.json,"Istnieją bindingi, ale deterministyczny overview i filtr ID mogą fałszować jakość.",Minimalnie naprawić potwierdzony punkt i dodać test przed/po oraz live acceptance.,R13,R08;R15,FND-008;FND-010;FND-011;FND-012;FND-031,PLANNED_NOT_ACCEPTED,Status audytu zachowany; mapowanie nie jest potwierdzeniem odbioru.,Zatwierdzony korpus i mechanizm świeżości działają; nie wystarcza liczba itemów ani sam indeks green.
M-042,AI_LAB_MASTER_PLAN.txt,1158-1213,ograniczenie,Budżet kontekstu bez utraty istotnych warstw,"Decyzje 2026-09-07: Qwen 9B pozostaje reasonerem, Temporary Chat pozostaje dla Visual/Advanced, KB pozostaje, Android przez istniejący emulator; bez równoległego redesignu.",Użytkownik realizuje opisany przypadek w autoryzowanym zakresie.,"Wybrany dokument, KB i Visual zachowują wymagane pokrycie",unified_assistant_service.py,PARTIAL,ACTIVE,UNIT,NOT_VERIFIED,AUDIT_REPORT.md; TEST_EVIDENCE.md; RUNTIME_MANIFEST.json,Źródła są ograniczane; Visual V2 w main nie istnieje.,Zachować implementację; uzupełnić brakujący dowód biznesowy/E2E.,R08,R15,FND-008,PLANNED_NOT_ACCEPTED,C-004: main bez supplemental Visual nie rozstrzyga utraty KB w rescue. Test rzeczywistego _collect 5+3+4 w R08; status CODE_SUPPORTED_NOT_REPRODUCED do czasu testu.,"Spójny ślad retrieved → selected → actually provided → claimed. Sporna teza ma rozstrzygnięcie na właściwym commicie, nie etykietę z innej gałęzi."
M-043,AI_LAB_MASTER_PLAN.txt,1214-1263,wymaganie,Client Knowledge izolowane per klient,"Decyzje 2026-09-07: Qwen 9B pozostaje reasonerem, Temporary Chat pozostaje dla Visual/Advanced, KB pozostaje, Android przez istniejący emulator; bez równoległego redesignu.",Użytkownik realizuje opisany przypadek w autoryzowanym zakresie.,Zapytanie klienta nie widzi obcych danych,"client_knowledge_service.py, agent_tool_registry.py",PRESENT,ACTIVE,INTEGRATION,NOT_VERIFIED,AUDIT_REPORT.md; TEST_EVIDENCE.md; RUNTIME_MANIFEST.json,Legacy client knowledge nadal używa llama3.2.,Zachować implementację; uzupełnić brakujący dowód biznesowy/E2E.,R09,R16;R20,,PLANNED_NOT_ACCEPTED,Status audytu zachowany; mapowanie nie jest potwierdzeniem odbioru.,Local-only użyteczny scenariusz i zasoby odebrane na właściwym zestawie; modele historyczne zachowane do końcowego consumer audit.
M-044,AI_LAB_MASTER_PLAN.txt,1214-1263,wymaganie,Podobne realizacje,"Decyzje 2026-09-07: Qwen 9B pozostaje reasonerem, Temporary Chat pozostaje dla Visual/Advanced, KB pozostaje, Android przez istniejący emulator; bez równoległego redesignu.",Użytkownik realizuje opisany przypadek w autoryzowanym zakresie.,Semantic retrieval wskazuje porównywalne projekty z dowodami,"projects, Qdrant/global search",PARTIAL,ACTIVE,UNIT,NOT_VERIFIED,AUDIT_REPORT.md; TEST_EVIDENCE.md; RUNTIME_MANIFEST.json,Brak dedykowanej warstwy case similarity i E2E biznesowego.,Zachować implementację; uzupełnić brakujący dowód biznesowy/E2E.,R14,R15;R21,,PLANNED_NOT_ACCEPTED,Status audytu zachowany; mapowanie nie jest potwierdzeniem odbioru.,"Mierzalne, uzgodnione pokrycie i jakość podobnych realizacji, ze wskazaniem jakiej części archiwum faktycznie dotyczy odpowiedź."
M-045,AI_LAB_MASTER_PLAN.txt,1264-1305,wymaganie,Jeden Unified Assistant,"Decyzje 2026-09-07: Qwen 9B pozostaje reasonerem, Temporary Chat pozostaje dla Visual/Advanced, KB pozostaje, Android przez istniejący emulator; bez równoległego redesignu.",Użytkownik realizuje opisany przypadek w autoryzowanym zakresie.,"UI i API łączą CRM, dokument, KB, obliczenia i eskalację","api/ai.py, unified_assistant_service.py, unified_assistant_page.dart",PRESENT,ACTIVE,INTEGRATION,NOT_VERIFIED,AUDIT_REPORT.md; TEST_EVIDENCE.md; RUNTIME_MANIFEST.json,Pełne F0 historyczne; brak bieżącego modelowego E2E.,Zachować implementację; uzupełnić brakujący dowód biznesowy/E2E.,R16,R09;R15,,PLANNED_NOT_ACCEPTED,Status audytu zachowany; mapowanie nie jest potwierdzeniem odbioru.,"Kamień K1: działający CRM + analityczny Asystent, gotowy do osobnego kontrolowanego wydania, mimo nadal otwartych ofert/umów/metod. Nie oznaczać pełnego Masterplan PASS."
M-046,AI_LAB_MASTER_PLAN.txt,1264-1305,wymaganie,Naturalne parafrazy i wybrany dokument,"Decyzje 2026-09-07: Qwen 9B pozostaje reasonerem, Temporary Chat pozostaje dla Visual/Advanced, KB pozostaje, Android przez istniejący emulator; bez równoległego redesignu.",Użytkownik realizuje opisany przypadek w autoryzowanym zakresie.,"Prośba o analizę wybranego dokumentu uruchamia wykonanie, nie opis możliwości",unified_assistant_service.py query mode,PARTIAL,ACTIVE,INTEGRATION,FAILED,AUDIT_REPORT.md; TEST_EVIDENCE.md; RUNTIME_MANIFEST.json,„Czy możesz przeanalizować ten dokument?” klasyfikuje SYSTEM_META.,Minimalnie naprawić potwierdzony punkt i dodać test przed/po oraz live acceptance.,R07,,FND-007,PLANNED_NOT_ACCEPTED,Brak selected document nie jest automatycznie capability. Wskazany jednoznacznie materiał należy rozwiązać albo poprosić o doprecyzowanie.,Reprezentatywny zestaw parafraz daje zgodny plan/intencję i prawidłowe zachowanie uprawnień.
M-047,AI_LAB_MASTER_PLAN.txt,1264-1305,wymaganie,Opcjonalny klient/dokument i izolacja zakresu,"Decyzje 2026-09-07: Qwen 9B pozostaje reasonerem, Temporary Chat pozostaje dla Visual/Advanced, KB pozostaje, Android przez istniejący emulator; bez równoległego redesignu.",Użytkownik realizuje opisany przypadek w autoryzowanym zakresie.,Run wiąże target i nie miesza rozmów/klientów,"assistant_run_service.py, planner.py, conversations API",PRESENT,ACTIVE,INTEGRATION,DEMONSTRATED,AUDIT_REPORT.md; TEST_EVIDENCE.md; RUNTIME_MANIFEST.json,Aktualny wyścig soft-delete/publikacja w main.,Zachować implementację; uzupełnić brakujący dowód biznesowy/E2E.,R06,R08;R20,,PLANNED_NOT_ACCEPTED,Status audytu zachowany; mapowanie nie jest potwierdzeniem odbioru.,Poprawki działają na docelowym kandydacie z izolowaną integracją; po R16 także w aplikacji. Nie przenosić statusu rescue PASS do produkcji bez deploy evidence.
M-048,AI_LAB_MASTER_PLAN.txt,1264-1305,wymaganie,"Trwały run, background/restart/retry","Decyzje 2026-09-07: Qwen 9B pozostaje reasonerem, Temporary Chat pozostaje dla Visual/Advanced, KB pozostaje, Android przez istniejący emulator; bez równoległego redesignu.",Użytkownik realizuje opisany przypadek w autoryzowanym zakresie.,"Zmiana zakładki/minimalizacja nie anuluje pracy, reopen odtwarza stan","assistant_run.py, dispatcher.py, Flutter controller",PRESENT,ACTIVE,INTEGRATION,NOT_VERIFIED,AUDIT_REPORT.md; TEST_EVIDENCE.md; RUNTIME_MANIFEST.json,Brak fizycznego Android runtime w tym audycie.,Zachować implementację; uzupełnić brakujący dowód biznesowy/E2E.,R06,R09;R16,,PLANNED_NOT_ACCEPTED,Status audytu zachowany; mapowanie nie jest potwierdzeniem odbioru.,Poprawki działają na docelowym kandydacie z izolowaną integracją; po R16 także w aplikacji. Nie przenosić statusu rescue PASS do produkcji bez deploy evidence.
M-049,AI_LAB_MASTER_PLAN.txt,1264-1305,wymaganie,Chat history rename/delete/cancel,"Decyzje 2026-09-07: Qwen 9B pozostaje reasonerem, Temporary Chat pozostaje dla Visual/Advanced, KB pozostaje, Android przez istniejący emulator; bez równoległego redesignu.",Użytkownik realizuje opisany przypadek w autoryzowanym zakresie.,"Delete!=cancel, rename trwały, cancel jawny","assistant_conversation_service.py, assistant_run_service.py, Flutter",PARTIAL,ACTIVE,INTEGRATION,FAILED,AUDIT_REPORT.md; TEST_EVIDENCE.md; RUNTIME_MANIFEST.json,Race publication-after-delete poprawiony dopiero w rescue.,Minimalnie naprawić potwierdzony punkt i dodać test przed/po oraz live acceptance.,R06,R16,FND-006,PLANNED_NOT_ACCEPTED,Status audytu zachowany; mapowanie nie jest potwierdzeniem odbioru.,Poprawki działają na docelowym kandydacie z izolowaną integracją; po R16 także w aplikacji. Nie przenosić statusu rescue PASS do produkcji bez deploy evidence.
M-050,AI_LAB_MASTER_PLAN.txt,1264-1305,wymaganie,Qwen 9B jako główny reasoner,"Decyzje 2026-09-07: Qwen 9B pozostaje reasonerem, Temporary Chat pozostaje dla Visual/Advanced, KB pozostaje, Android przez istniejący emulator; bez równoległego redesignu.",Użytkownik realizuje opisany przypadek w autoryzowanym zakresie.,"Nowy Assistant używa qwen3.5:9b, embedding pozostaje osobny","unified_assistant_service.py, document_intelligence_service.py",PRESENT,ACTIVE,CODE_ONLY,NOT_VERIFIED,AUDIT_REPORT.md; TEST_EVIDENCE.md; RUNTIME_MANIFEST.json,Legacy RAG/Agent/Business/Technical nadal używają llama3.2.,Zachować implementację; uzupełnić brakujący dowód biznesowy/E2E.,R09,R15,FND-029,PLANNED_NOT_ACCEPTED,Status audytu zachowany; mapowanie nie jest potwierdzeniem odbioru.,Local-only użyteczny scenariusz i zasoby odebrane na właściwym zestawie; modele historyczne zachowane do końcowego consumer audit.
M-051,AI_LAB_MASTER_PLAN.txt,1306-1369,wymaganie,Generowanie ofert z danych sprawy,"Decyzje 2026-09-07: Qwen 9B pozostaje reasonerem, Temporary Chat pozostaje dla Visual/Advanced, KB pozostaje, Android przez istniejący emulator; bez równoległego redesignu.",Użytkownik realizuje opisany przypadek w autoryzowanym zakresie.,"Draft zawiera zakres, cenę, założenia i źródła",przeszukano backend/app i frontend/lib,NOT_FOUND_IN_AUDITED_SCOPE,NOT_APPLICABLE,NONE,NOT_VERIFIED,AUDIT_REPORT.md; TEST_EVIDENCE.md; RUNTIME_MANIFEST.json,Brak funkcji produktu.,Dostarczyć brakującą funkcję jako mały zatwierdzony pakiet z projektem danych/API/UI.,R18,,FND-001,PLANNED_NOT_ACCEPTED,Status audytu zachowany; mapowanie nie jest potwierdzeniem odbioru.,"M-013/M-051/M-052 mają działające encje, API/UI i odbiór właściciela; sam wygenerowany tekst nie wystarcza."
M-052,AI_LAB_MASTER_PLAN.txt,1306-1369,wymaganie,Wersje/status/akceptacja oferty,"Decyzje 2026-09-07: Qwen 9B pozostaje reasonerem, Temporary Chat pozostaje dla Visual/Advanced, KB pozostaje, Android przez istniejący emulator; bez równoległego redesignu.",Użytkownik realizuje opisany przypadek w autoryzowanym zakresie.,"Zmiany są wersjonowane, publikacja wymaga człowieka",przeszukano models/api/services/frontend,NOT_FOUND_IN_AUDITED_SCOPE,NOT_APPLICABLE,NONE,NOT_VERIFIED,AUDIT_REPORT.md; TEST_EVIDENCE.md; RUNTIME_MANIFEST.json,Brak funkcji produktu.,Dostarczyć brakującą funkcję jako mały zatwierdzony pakiet z projektem danych/API/UI.,R18,,FND-001,PLANNED_NOT_ACCEPTED,Status audytu zachowany; mapowanie nie jest potwierdzeniem odbioru.,"M-013/M-051/M-052 mają działające encje, API/UI i odbiór właściciela; sam wygenerowany tekst nie wystarcza."
M-053,AI_LAB_MASTER_PLAN.txt,1370-1415,wymaganie,Generowanie umowy z zaakceptowanej oferty,"Decyzje 2026-09-07: Qwen 9B pozostaje reasonerem, Temporary Chat pozostaje dla Visual/Advanced, KB pozostaje, Android przez istniejący emulator; bez równoległego redesignu.",Użytkownik realizuje opisany przypadek w autoryzowanym zakresie.,"Umowa dziedziczy dane, wersje i approval",przeszukano models/api/services/frontend,NOT_FOUND_IN_AUDITED_SCOPE,NOT_APPLICABLE,NONE,NOT_VERIFIED,AUDIT_REPORT.md; TEST_EVIDENCE.md; RUNTIME_MANIFEST.json,Brak funkcji produktu.,Dostarczyć brakującą funkcję jako mały zatwierdzony pakiet z projektem danych/API/UI.,R19,,FND-001,PLANNED_NOT_ACCEPTED,Status audytu zachowany; mapowanie nie jest potwierdzeniem odbioru.,M-014/M-053 i końcowa część §42 działają w UI ze źródłem warunków i pełnym audytem.
M-054,AI_LAB_MASTER_PLAN.txt,1416-1446,wymaganie,Analiza techniczna oparta na sprawie i KB,"Decyzje 2026-09-07: Qwen 9B pozostaje reasonerem, Temporary Chat pozostaje dla Visual/Advanced, KB pozostaje, Android przez istniejący emulator; bez równoległego redesignu.",Użytkownik realizuje opisany przypadek w autoryzowanym zakresie.,"Odpowiedź rozdziela fakty, reguły, hipotezy i braki","unified_assistant_service.py, analysis_result_contract.py",PARTIAL,ACTIVE,INTEGRATION,NOT_VERIFIED,AUDIT_REPORT.md; TEST_EVIDENCE.md; RUNTIME_MANIFEST.json,KB może zostać wyłączone przez mixed-intent z adresem.,Zachować implementację; uzupełnić brakujący dowód biznesowy/E2E.,R15,R13;R17,FND-008;FND-012,PLANNED_NOT_ACCEPTED,Status audytu zachowany; mapowanie nie jest potwierdzeniem odbioru.,"Obie ścieżki Temporary Chat mają dzisiejszy evidence i wersję workerów; poprawność, użyteczność i bezpieczeństwo odebrane razem."
M-055,AI_LAB_MASTER_PLAN.txt,1447-1516,wymaganie,Deterministyczne obliczenia inżynierskie,"Decyzje 2026-09-07: Qwen 9B pozostaje reasonerem, Temporary Chat pozostaje dla Visual/Advanced, KB pozostaje, Android przez istniejący emulator; bez równoległego redesignu.",Użytkownik realizuje opisany przypadek w autoryzowanym zakresie.,"Jednostki i formuła są walidowane, brakujące dane powodują refusal","analysis_calculation_validator.py, analysis_processors.py",PRESENT,ACTIVE,UNIT,DEMONSTRATED,AUDIT_REPORT.md; TEST_EVIDENCE.md; RUNTIME_MANIFEST.json,Brak kompletnej biblioteki wszystkich metod z masterplanu.,Zachować implementację; uzupełnić brakujący dowód biznesowy/E2E.,R17,R18,FND-010,PLANNED_NOT_ACCEPTED,Status audytu zachowany; mapowanie nie jest potwierdzeniem odbioru. Wymaganie agreguje wiele podpunktów masterplanu; lista podkryteriów obowiązkowa w R01 i odpowiednim pakiecie.,Rejestr metod rozstrzygnięty: wymagane metody zwalidowane; pozostałe jawnie odroczone decyzją scope i nie liczone do pełnej realizacji. Funkcje nie są zamykane samym green engine test.
M-056,AI_LAB_MASTER_PLAN.txt,1517-1581,aspiracja,Normy i wiedza zewnętrzna,"Decyzje 2026-09-07: Qwen 9B pozostaje reasonerem, Temporary Chat pozostaje dla Visual/Advanced, KB pozostaje, Android przez istniejący emulator; bez równoległego redesignu.",Użytkownik realizuje opisany przypadek w autoryzowanym zakresie.,"Aktualne normy są wersjonowane i cytowane, bez dowolnego webu","Knowledge Base, brak dedykowanego connectora",PARTIAL,ACTIVE,CODE_ONLY,NOT_VERIFIED,AUDIT_REPORT.md; TEST_EVIDENCE.md; RUNTIME_MANIFEST.json,"KB istnieje, lecz brak mechanizmu aktualności zewnętrznych norm.",Zachować implementację; uzupełnić brakujący dowód biznesowy/E2E.,R13,R15;R17,FND-030,PLANNED_NOT_ACCEPTED,Status audytu zachowany; mapowanie nie jest potwierdzeniem odbioru. Wymaganie agreguje wiele podpunktów masterplanu; lista podkryteriów obowiązkowa w R01 i odpowiednim pakiecie.,Zatwierdzony korpus i mechanizm świeżości działają; nie wystarcza liczba itemów ani sam indeks green.
M-057,AI_LAB_MASTER_PLAN.txt,1582-1618,wymaganie,Visual przez ChatGPT Temporary Chat,"Decyzje 2026-09-07: Qwen 9B pozostaje reasonerem, Temporary Chat pozostaje dla Visual/Advanced, KB pozostaje, Android przez istniejący emulator; bez równoległego redesignu.",Użytkownik realizuje opisany przypadek w autoryzowanym zakresie.,Tylko wybrane rastry po polityce trafiają do sesji temporary,"V1 Supervisor worker, rescue visual_v2_service.py",PARTIAL,NOT_DEPLOYED,INTEGRATION,NOT_VERIFIED,AUDIT_REPORT.md; TEST_EVIDENCE.md; RUNTIME_MANIFEST.json,Main jedynie reuse; rescue niewdrożony i nie dowodzi redakcji PII w pikselach.,"Najpierw domknąć istniejący kod i bezpieczny odbiór runtime, bez tworzenia równoległego pipeline.",R15,R04;R05;R06;R16,FND-004;FND-005;FND-013;FND-036,PLANNED_NOT_ACCEPTED,Status audytu zachowany; mapowanie nie jest potwierdzeniem odbioru.,"Obie ścieżki Temporary Chat mają dzisiejszy evidence i wersję workerów; poprawność, użyteczność i bezpieczeństwo odebrane razem."
M-058,AI_LAB_MASTER_PLAN.txt,1582-1618,ograniczenie,Visual perception nie jest finalną odpowiedzią,"Decyzje 2026-09-07: Qwen 9B pozostaje reasonerem, Temporary Chat pozostaje dla Visual/Advanced, KB pozostaje, Android przez istniejący emulator; bez równoległego redesignu.",Użytkownik realizuje opisany przypadek w autoryzowanym zakresie.,Wynik zewnętrzny przechodzi walidację i lokalną resyntezę,"rescue visual_v2_service.py, dispatcher.py",PRESENT,NOT_DEPLOYED,INTEGRATION,NOT_VERIFIED,AUDIT_REPORT.md; TEST_EVIDENCE.md; RUNTIME_MANIFEST.json,Brak bieżącego Temporary Chat smoke.,"Najpierw domknąć istniejący kod i bezpieczny odbiór runtime, bez tworzenia równoległego pipeline.",R15,R05,FND-004,PLANNED_NOT_ACCEPTED,Status audytu zachowany; mapowanie nie jest potwierdzeniem odbioru.,"Obie ścieżki Temporary Chat mają dzisiejszy evidence i wersję workerów; poprawność, użyteczność i bezpieczeństwo odebrane razem."
M-059,AI_LAB_MASTER_PLAN.txt,1582-1618,ograniczenie,Visual respektuje aktualny zakres pytania,"Decyzje 2026-09-07: Qwen 9B pozostaje reasonerem, Temporary Chat pozostaje dla Visual/Advanced, KB pozostaje, Android przez istniejący emulator; bez równoległego redesignu.",Użytkownik realizuje opisany przypadek w autoryzowanym zakresie.,Reuse nie uznaje partial starego zakresu za complete,rescue VisualV2Service.validated_coverage,PRESENT,NOT_DEPLOYED,INTEGRATION,NOT_VERIFIED,AUDIT_REPORT.md; TEST_EVIDENCE.md; RUNTIME_MANIFEST.json,Naprawa jest wyłącznie na rescue 5cd8f86.,"Najpierw domknąć istniejący kod i bezpieczny odbiór runtime, bez tworzenia równoległego pipeline.",R06,R15,FND-004,PLANNED_NOT_ACCEPTED,Status audytu zachowany; mapowanie nie jest potwierdzeniem odbioru.,Poprawki działają na docelowym kandydacie z izolowaną integracją; po R16 także w aplikacji. Nie przenosić statusu rescue PASS do produkcji bez deploy evidence.
M-060,AI_LAB_MASTER_PLAN.txt,1619-1647,wymaganie,"Multimodal RAG łączy tekst, KB i Visual","Decyzje 2026-09-07: Qwen 9B pozostaje reasonerem, Temporary Chat pozostaje dla Visual/Advanced, KB pozostaje, Android przez istniejący emulator; bez równoległego redesignu.",Użytkownik realizuje opisany przypadek w autoryzowanym zakresie.,Końcowy kontekst zachowuje wszystkie wymagane warstwy,main dispatcher + unified service; rescue Visual V2,PARTIAL,NOT_DEPLOYED,UNIT,NOT_VERIFIED,AUDIT_REPORT.md; TEST_EVIDENCE.md; RUNTIME_MANIFEST.json,Brak E2E aktualnego pytania multimodalnego.,"Najpierw domknąć istniejący kod i bezpieczny odbiór runtime, bez tworzenia równoległego pipeline.",R15,R08;R13;R14,FND-004,PLANNED_NOT_ACCEPTED,Status audytu zachowany; mapowanie nie jest potwierdzeniem odbioru.,"Obie ścieżki Temporary Chat mają dzisiejszy evidence i wersję workerów; poprawność, użyteczność i bezpieczeństwo odebrane razem."
M-061,AI_LAB_MASTER_PLAN.txt,1648-1672,ograniczenie,Human-in-the-loop dla działań istotnych,"Decyzje 2026-09-07: Qwen 9B pozostaje reasonerem, Temporary Chat pozostaje dla Visual/Advanced, KB pozostaje, Android przez istniejący emulator; bez równoległego redesignu.",Użytkownik realizuje opisany przypadek w autoryzowanym zakresie.,AI nie zapisuje biznesowo bez jawnej zgody i wersji,"Agent read-only, CRM preview/apply, backup gates",PRESENT,ACTIVE,INTEGRATION,DEMONSTRATED,AUDIT_REPORT.md; TEST_EVIDENCE.md; RUNTIME_MANIFEST.json,"Oferty/umowy nie istnieją, więc ich approval nie może być oceniony.",Zachować implementację; uzupełnić brakujący dowód biznesowy/E2E.,R23,R05;R17;R18;R19;R20;R24,FND-005,PLANNED_NOT_ACCEPTED,Status audytu zachowany; mapowanie nie jest potwierdzeniem odbioru.,Kamień K2: odebrany zakres operacyjny. „Pełny Masterplan” wolno napisać tylko przy spełnieniu wszystkich wymaganych pozycji albo z jawnym opisem zatwierdzonej zmiany specyfikacji.
M-062,AI_LAB_MASTER_PLAN.txt,1673-1700,wymaganie,Audyt AI i obserwowalność,"Decyzje 2026-09-07: Qwen 9B pozostaje reasonerem, Temporary Chat pozostaje dla Visual/Advanced, KB pozostaje, Android przez istniejący emulator; bez równoległego redesignu.",Użytkownik realizuje opisany przypadek w autoryzowanym zakresie.,"Run zapisuje model, źródła, status, narzędzia, timeout i retry","assistant_runs/stages/materials, analysis_jobs, agent_executions",PRESENT,ACTIVE,INTEGRATION,NOT_VERIFIED,AUDIT_REPORT.md; TEST_EVIDENCE.md; RUNTIME_MANIFEST.json,Legacy i nowe ścieżki mają różne kontrakty audytu.,Zachować implementację; uzupełnić brakujący dowód biznesowy/E2E.,R15,R06;R09;R22,FND-013,PLANNED_NOT_ACCEPTED,Status audytu zachowany; mapowanie nie jest potwierdzeniem odbioru.,"Obie ścieżki Temporary Chat mają dzisiejszy evidence i wersję workerów; poprawność, użyteczność i bezpieczeństwo odebrane razem."
M-063,AI_LAB_MASTER_PLAN.txt,1701-1743,wymaganie,Agent z zamkniętym katalogiem narzędzi,"Decyzje 2026-09-07: Qwen 9B pozostaje reasonerem, Temporary Chat pozostaje dla Visual/Advanced, KB pozostaje, Android przez istniejący emulator; bez równoległego redesignu.",Użytkownik realizuje opisany przypadek w autoryzowanym zakresie.,Agent nie uruchamia shell/SQL/Vision i respektuje scope,"agent_service.py, agent_tool_registry.py",PRESENT,ACTIVE,UNIT,NOT_VERIFIED,AUDIT_REPORT.md; TEST_EVIDENCE.md; RUNTIME_MANIFEST.json,Agent używa llama3.2 i zapisuje audit; jest odrębną starszą ścieżką.,Zachować implementację; uzupełnić brakujący dowód biznesowy/E2E.,R09,R18;R19;R20;R21,FND-029,PLANNED_NOT_ACCEPTED,Status audytu zachowany; mapowanie nie jest potwierdzeniem odbioru. Wymaganie agreguje wiele podpunktów masterplanu; lista podkryteriów obowiązkowa w R01 i odpowiednim pakiecie.,Local-only użyteczny scenariusz i zasoby odebrane na właściwym zestawie; modele historyczne zachowane do końcowego consumer audit.
M-064,AI_LAB_MASTER_PLAN.txt,1744-1813,wymaganie,Flutter Windows/Android/Web,"Decyzje 2026-09-07: Qwen 9B pozostaje reasonerem, Temporary Chat pozostaje dla Visual/Advanced, KB pozostaje, Android przez istniejący emulator; bez równoległego redesignu.",Użytkownik realizuje opisany przypadek w autoryzowanym zakresie.,Ten sam zakres działa responsywnie na wspieranych targetach,"frontend, CI/build scripts",PRESENT,ACTIVE,INTEGRATION,NOT_VERIFIED,AUDIT_REPORT.md; TEST_EVIDENCE.md; RUNTIME_MANIFEST.json,"341/341 source tests; emulator nieaktywny, fizycznego runtime brak.",Zachować implementację; uzupełnić brakujący dowód biznesowy/E2E.,R16,R04;R20,FND-014;FND-016,PLANNED_NOT_ACCEPTED,Status audytu zachowany; mapowanie nie jest potwierdzeniem odbioru.,"Kamień K1: działający CRM + analityczny Asystent, gotowy do osobnego kontrolowanego wydania, mimo nadal otwartych ofert/umów/metod. Nie oznaczać pełnego Masterplan PASS."
M-065,AI_LAB_MASTER_PLAN.txt,1814-1872,wymaganie,Wersjonowanie i wymuszona aktualizacja,"Decyzje 2026-09-07: Qwen 9B pozostaje reasonerem, Temporary Chat pozostaje dla Visual/Advanced, KB pozostaje, Android przez istniejący emulator; bez równoległego redesignu.",Użytkownik realizuje opisany przypadek w autoryzowanym zakresie.,Manifest stable/minimum/hash odpowiada artefaktom i klientowi,"updates manifests, frontend app_update, backend /version",PARTIAL,ACTIVE,E2E,FAILED,AUDIT_REPORT.md; TEST_EVIDENCE.md; RUNTIME_MANIFEST.json,"stable +29, live Web +41, source +29, backend /version 1.0.0 debug=true.",Minimalnie naprawić potwierdzony punkt i dodać test przed/po oraz live acceptance.,R04,,FND-014;FND-015,PLANNED_NOT_ACCEPTED,Status audytu zachowany; mapowanie nie jest potwierdzeniem odbioru.,RELEASE_ID + compatibility manifest gotowe. Stan source-ready/staged/deployed/accepted jest rozdzielony. Samo przygotowanie nie oznacza promocji rescue.
M-066,AI_LAB_MASTER_PLAN.txt,1873-1904,wymaganie,"Backup DB, plików i konfiguracji","Decyzje 2026-09-07: Qwen 9B pozostaje reasonerem, Temporary Chat pozostaje dla Visual/Advanced, KB pozostaje, Android przez istniejący emulator; bez równoległego redesignu.",Użytkownik realizuje opisany przypadek w autoryzowanym zakresie.,Harmonogramy kończą verified na dostępnych wolumenach,"backup_restore_service.py, scheduler, Supervisor",PRESENT,ACTIVE,E2E,DEMONSTRATED,AUDIT_REPORT.md; TEST_EVIDENCE.md; RUNTIME_MANIFEST.json,"37/37 verified, 3 aktywne schedule.",Zachować implementację; uzupełnić brakujący dowód biznesowy/E2E.,R03,R22,,PLANNED_NOT_ACCEPTED,Status audytu zachowany; mapowanie nie jest potwierdzeniem odbioru.,"Zatwierdzony dowód odzyskania oraz punkt odtworzenia dla najbliższej zmiany. W przypadku odmowy escrow odnotowany konkretny blocker odpowiednich wdrożeń, nie zakaz lokalnych poprawek."
M-067,AI_LAB_MASTER_PLAN.txt,1873-1904,wymaganie,Restore bezpieczny i sprawdzalny,"Decyzje 2026-09-07: Qwen 9B pozostaje reasonerem, Temporary Chat pozostaje dla Visual/Advanced, KB pozostaje, Android przez istniejący emulator; bez równoległego redesignu.",Użytkownik realizuje opisany przypadek w autoryzowanym zakresie.,"Dry-run i approval chronią odtworzenie, a restore ma odbiór","backup_restore_service.py, restore scripts",PRESENT,ACTIVE,INTEGRATION,NOT_VERIFIED,AUDIT_REPORT.md; TEST_EVIDENCE.md; RUNTIME_MANIFEST.json,Brak live restore drill w tym audycie.,Zachować implementację; uzupełnić brakujący dowód biznesowy/E2E.,R03,R23,FND-026,PLANNED_NOT_ACCEPTED,Status audytu zachowany; mapowanie nie jest potwierdzeniem odbioru.,"Zatwierdzony dowód odzyskania oraz punkt odtworzenia dla najbliższej zmiany. W przypadku odmowy escrow odnotowany konkretny blocker odpowiednich wdrożeń, nie zakaz lokalnych poprawek."
M-068,AI_LAB_MASTER_PLAN.txt,1873-1904,decyzja właściciela,"Retencja E/F 10 procent, target 12, age 60/14","Decyzje 2026-09-07: Qwen 9B pozostaje reasonerem, Temporary Chat pozostaje dla Visual/Advanced, KB pozostaje, Android przez istniejący emulator; bez równoległego redesignu.",Użytkownik realizuje opisany przypadek w autoryzowanym zakresie.,Policy schedule i gate wykonują cleanup tylko po zgodzie,"drive retention service, schedules",PRESENT,DISABLED,INTEGRATION,OWNER_DECISION,AUDIT_REPORT.md; TEST_EVIDENCE.md; RUNTIME_MANIFEST.json,Live schedules nie mają auto_delete/keep_days/min%; delete gate=false.,"Najpierw domknąć istniejący kod i bezpieczny odbiór runtime, bez tworzenia równoległego pipeline.",R22,,FND-025,PLANNED_NOT_ACCEPTED,Status audytu zachowany; mapowanie nie jest potwierdzeniem odbioru.,"Operacje wymagane w followup odebrane; wyłączona retencja jest akceptowana wyłącznie jako jawna decyzja właściciela, a nie ukryte COMPLETE."
M-069,AI_LAB_MASTER_PLAN.txt,1905-1936,wymaganie,Wydajność UI/API i batching,"Decyzje 2026-09-07: Qwen 9B pozostaje reasonerem, Temporary Chat pozostaje dla Visual/Advanced, KB pozostaje, Android przez istniejący emulator; bez równoległego redesignu.",Użytkownik realizuje opisany przypadek w autoryzowanym zakresie.,Listy nie robią N+1 ani host I/O na hot path,"pagination, backup DB-only list, Flutter lazy panels",PARTIAL,ACTIVE,INTEGRATION,NOT_VERIFIED,AUDIT_REPORT.md; TEST_EVIDENCE.md; RUNTIME_MANIFEST.json,Brak pełnego produkcyjnego benchmarku wszystkich modułów.,Zachować implementację; uzupełnić brakujący dowód biznesowy/E2E.,R20,R09;R10;R22,FND-024,PLANNED_NOT_ACCEPTED,Status audytu zachowany; mapowanie nie jest potwierdzeniem odbioru.,"Istniejące DEMONSTRATED pozostają objęte regresją, braki mają małe zakończone slice, a nie nową implementację CRM."
M-070,AI_LAB_MASTER_PLAN.txt,1937-1962,wymaganie,Trwałe background jobs,"Decyzje 2026-09-07: Qwen 9B pozostaje reasonerem, Temporary Chat pozostaje dla Visual/Advanced, KB pozostaje, Android przez istniejący emulator; bez równoległego redesignu.",Użytkownik realizuje opisany przypadek w autoryzowanym zakresie.,"Lease, retry, recovery, progress i cancel są trwałe","assistant_runs, preparation_jobs, analysis_jobs, backup_runs",PARTIAL,ACTIVE,INTEGRATION,FAILED,AUDIT_REPORT.md; TEST_EVIDENCE.md; RUNTIME_MANIFEST.json,Preparation disabled i 15 queued; system ma kilka niezależnych kolejek.,Minimalnie naprawić potwierdzony punkt i dodać test przed/po oraz live acceptance.,R10,R06;R09;R15,FND-002;FND-023;FND-024,PLANNED_NOT_ACCEPTED,Status audytu zachowany; mapowanie nie jest potwierdzeniem odbioru.,Proces istniejący działa dla zatwierdzonych formatów i ograniczeń. Aktywacja nowej pracy produkcyjnej dopiero po osobnym planie rollout/pause.
M-071,AI_LAB_MASTER_PLAN.txt,2127-2202,wymaganie,Pełny przepływ biznesowy od klienta do umowy,"Decyzje 2026-09-07: Qwen 9B pozostaje reasonerem, Temporary Chat pozostaje dla Visual/Advanced, KB pozostaje, Android przez istniejący emulator; bez równoległego redesignu.",Użytkownik realizuje opisany przypadek w autoryzowanym zakresie.,Client->inspection/photo/docs->AI->offer approval->contract działa E2E,cały stack,PARTIAL,ACTIVE,NONE,NOT_VERIFIED,AUDIT_REPORT.md; TEST_EVIDENCE.md; RUNTIME_MANIFEST.json,"Przepływ urywa się na ofertach/umowach, Visual i auto-intelligence.",Zachować implementację; uzupełnić brakujący dowód biznesowy/E2E.,R23,R14;R17;R18;R19;R20,FND-001;FND-020,PLANNED_NOT_ACCEPTED,Status audytu zachowany; mapowanie nie jest potwierdzeniem odbioru. Wymaganie agreguje wiele podpunktów masterplanu; lista podkryteriów obowiązkowa w R01 i odpowiednim pakiecie.,Kamień K2: odebrany zakres operacyjny. „Pełny Masterplan” wolno napisać tylko przy spełnieniu wszystkich wymaganych pozycji albo z jawnym opisem zatwierdzonej zmiany specyfikacji.
M-072,AI_LAB_MASTER_PLAN.txt,2203-2278,ograniczenie,Naprawiaj i integruj istniejące elementy,"Decyzje 2026-09-07: Qwen 9B pozostaje reasonerem, Temporary Chat pozostaje dla Visual/Advanced, KB pozostaje, Android przez istniejący emulator; bez równoległego redesignu.",Użytkownik realizuje opisany przypadek w autoryzowanym zakresie.,Nowa praca nie tworzy zbędnych równoległych pipeline,repo architecture,PARTIAL,NOT_APPLICABLE,CODE_ONLY,OWNER_DECISION,AUDIT_REPORT.md; TEST_EVIDENCE.md; RUNTIME_MANIFEST.json,Równoległe legacy AI i niewdrożone rescue wymagają świadomej konsolidacji.,Przed zmianą wymagana jawna decyzja właściciela i dry-run/rollback.,R04,R00;R01;R09;R24,FND-028,PLANNED_NOT_ACCEPTED,Status audytu zachowany; mapowanie nie jest potwierdzeniem odbioru.,RELEASE_ID + compatibility manifest gotowe. Stan source-ready/staged/deployed/accepted jest rozdzielony. Samo przygotowanie nie oznacza promocji rescue.
M-073,AI_LAB_MASTER_PLAN.txt,2279-2391,kryterium,"Sukces wymaga działania i dowodów, nie etykiet COMPLETE","Decyzje 2026-09-07: Qwen 9B pozostaje reasonerem, Temporary Chat pozostaje dla Visual/Advanced, KB pozostaje, Android przez istniejący emulator; bez równoległego redesignu.",Użytkownik realizuje opisany przypadek w autoryzowanym zakresie.,Każdy moduł ma runtime acceptance i biznesowy odbiór,"plany, testy, runtime",PARTIAL,ACTIVE,HISTORICAL,FAILED,AUDIT_REPORT.md; TEST_EVIDENCE.md; RUNTIME_MANIFEST.json,Plan deklaruje COMPLETE mimo braków i niespójnego runtime.,Minimalnie naprawić potwierdzony punkt i dodać test przed/po oraz live acceptance.,R23,R01;R02;R16;R24,FND-027;FND-033,PLANNED_NOT_ACCEPTED,Status audytu zachowany; mapowanie nie jest potwierdzeniem odbioru.,Kamień K2: odebrany zakres operacyjny. „Pełny Masterplan” wolno napisać tylko przy spełnieniu wszystkich wymaganych pozycji albo z jawnym opisem zatwierdzonej zmiany specyfikacji.
F-001,AI_LAB_FOLLOWUP_PLAN.md,92-143,historyczne wymaganie,Napraw anomalie przetwarzania dokumentów,"Decyzje 2026-09-07: Qwen 9B pozostaje reasonerem, Temporary Chat pozostaje dla Visual/Advanced, KB pozostaje, Android przez istniejący emulator; bez równoległego redesignu.",Użytkownik realizuje opisany przypadek w autoryzowanym zakresie.,Błędy są zdiagnozowane i bounded,document processing tests/reports,PARTIAL,ACTIVE,HISTORICAL,NOT_VERIFIED,AUDIT_REPORT.md; TEST_EVIDENCE.md; RUNTIME_MANIFEST.json,Nie wykonywano historycznego backfillu.,Zachować implementację; uzupełnić brakujący dowód biznesowy/E2E.,R10,R11;R14,,PLANNED_NOT_ACCEPTED,Status audytu zachowany; mapowanie nie jest potwierdzeniem odbioru.,Proces istniejący działa dla zatwierdzonych formatów i ograniczeń. Aktywacja nowej pracy produkcyjnej dopiero po osobnym planie rollout/pause.
F-002,AI_LAB_FOLLOWUP_PLAN.md,144-192,wymaganie,Spójność statusu klienta i daty,"Decyzje 2026-09-07: Qwen 9B pozostaje reasonerem, Temporary Chat pozostaje dla Visual/Advanced, KB pozostaje, Android przez istniejący emulator; bez równoległego redesignu.",Użytkownik realizuje opisany przypadek w autoryzowanym zakresie.,Lista/detail zapisują ten sam status i format dat,client models/service/UI,PRESENT,ACTIVE,INTEGRATION,DEMONSTRATED,AUDIT_REPORT.md; TEST_EVIDENCE.md; RUNTIME_MANIFEST.json,Brak nowego live mutation test z uwagi na read-only.,Zachować implementację; uzupełnić brakujący dowód biznesowy/E2E.,R20,,,PLANNED_NOT_ACCEPTED,Status audytu zachowany; mapowanie nie jest potwierdzeniem odbioru.,"Istniejące DEMONSTRATED pozostają objęte regresją, braki mają małe zakończone slice, a nie nową implementację CRM."
F-003,AI_LAB_FOLLOWUP_PLAN.md,193-257,wymaganie,Edytowalna data dodania i sortowanie,"Decyzje 2026-09-07: Qwen 9B pozostaje reasonerem, Temporary Chat pozostaje dla Visual/Advanced, KB pozostaje, Android przez istniejący emulator; bez równoległego redesignu.",Użytkownik realizuje opisany przypadek w autoryzowanym zakresie.,Zmiana ma optimistic version i audyt,client service/UI,PRESENT,ACTIVE,UNIT,DEMONSTRATED,AUDIT_REPORT.md; TEST_EVIDENCE.md; RUNTIME_MANIFEST.json,Live write nieautoryzowany.,Zachować implementację; uzupełnić brakujący dowód biznesowy/E2E.,R20,,,PLANNED_NOT_ACCEPTED,Status audytu zachowany; mapowanie nie jest potwierdzeniem odbioru.,"Istniejące DEMONSTRATED pozostają objęte regresją, braki mają małe zakończone slice, a nie nową implementację CRM."
F-004,AI_LAB_FOLLOWUP_PLAN.md,258-307,wymaganie,Client search używa global engine,"Decyzje 2026-09-07: Qwen 9B pozostaje reasonerem, Temporary Chat pozostaje dla Visual/Advanced, KB pozostaje, Android przez istniejący emulator; bez równoległego redesignu.",Użytkownik realizuje opisany przypadek w autoryzowanym zakresie.,Te same filtry i trasy dają spójne wyniki,"global_search_service.py, clients UI",PRESENT,ACTIVE,INTEGRATION,DEMONSTRATED,AUDIT_REPORT.md; TEST_EVIDENCE.md; RUNTIME_MANIFEST.json,Brak benchmarku pełnego korpusu.,Zachować implementację; uzupełnić brakujący dowód biznesowy/E2E.,R20,R14,,PLANNED_NOT_ACCEPTED,Status audytu zachowany; mapowanie nie jest potwierdzeniem odbioru.,"Istniejące DEMONSTRATED pozostają objęte regresją, braki mają małe zakończone slice, a nie nową implementację CRM."
F-005,AI_LAB_FOLLOWUP_PLAN.md,308-367,wymaganie,"Filtry, ignorowani nadawcy, zarządzanie użytkownikami","Decyzje 2026-09-07: Qwen 9B pozostaje reasonerem, Temporary Chat pozostaje dla Visual/Advanced, KB pozostaje, Android przez istniejący emulator; bez równoległego redesignu.",Użytkownik realizuje opisany przypadek w autoryzowanym zakresie.,"Admin controls działają, zwykły user nie ma uprawnień","ignored_mail, users API/UI",PRESENT,ACTIVE,INTEGRATION,DEMONSTRATED,AUDIT_REPORT.md; TEST_EVIDENCE.md; RUNTIME_MANIFEST.json,"2 reguły historyczne, 0 aktywnych; mailbox coverage unknown.",Zachować implementację; uzupełnić brakujący dowód biznesowy/E2E.,R20,R12,,PLANNED_NOT_ACCEPTED,Status audytu zachowany; mapowanie nie jest potwierdzeniem odbioru.,"Istniejące DEMONSTRATED pozostają objęte regresją, braki mają małe zakończone slice, a nie nową implementację CRM."
F-006,AI_LAB_FOLLOWUP_PLAN.md,368-438,wymaganie,Activity log i Timeline V2,"Decyzje 2026-09-07: Qwen 9B pozostaje reasonerem, Temporary Chat pozostaje dla Visual/Advanced, KB pozostaje, Android przez istniejący emulator; bez równoległego redesignu.",Użytkownik realizuje opisany przypadek w autoryzowanym zakresie.,"Zdarzenia mają provenance, pagination i deep links","activity, timeline services/UI",PRESENT,ACTIVE,INTEGRATION,DEMONSTRATED,AUDIT_REPORT.md; TEST_EVIDENCE.md; RUNTIME_MANIFEST.json,"312 activity i 859 change rows, brak pełnego semantycznego audytu.",Zachować implementację; uzupełnić brakujący dowód biznesowy/E2E.,R20,,,PLANNED_NOT_ACCEPTED,Status audytu zachowany; mapowanie nie jest potwierdzeniem odbioru.,"Istniejące DEMONSTRATED pozostają objęte regresją, braki mają małe zakończone slice, a nie nową implementację CRM."
F-007,AI_LAB_FOLLOWUP_PLAN.md,439-511,wymaganie,Admin Change History,"Decyzje 2026-09-07: Qwen 9B pozostaje reasonerem, Temporary Chat pozostaje dla Visual/Advanced, KB pozostaje, Android przez istniejący emulator; bez równoległego redesignu.",Użytkownik realizuje opisany przypadek w autoryzowanym zakresie.,Maskowany before/after jest tylko dla admina,change_history service/API/UI,PRESENT,ACTIVE,INTEGRATION,DEMONSTRATED,AUDIT_REPORT.md; TEST_EVIDENCE.md; RUNTIME_MANIFEST.json,Nie oceniano retencji historii.,Zachować implementację; uzupełnić brakujący dowód biznesowy/E2E.,R20,,,PLANNED_NOT_ACCEPTED,Status audytu zachowany; mapowanie nie jest potwierdzeniem odbioru.,"Istniejące DEMONSTRATED pozostają objęte regresją, braki mają małe zakończone slice, a nie nową implementację CRM."
F-008,AI_LAB_FOLLOWUP_PLAN.md,512-553,ograniczenie,Candidate accept/merge fail-closed na konflikt,"Decyzje 2026-09-07: Qwen 9B pozostaje reasonerem, Temporary Chat pozostaje dla Visual/Advanced, KB pozostaje, Android przez istniejący emulator; bez równoległego redesignu.",Użytkownik realizuje opisany przypadek w autoryzowanym zakresie.,"Preview, wybór konfliktów i potwierdzenie poprzedzają apply",candidate services/UI,PRESENT,ACTIVE,INTEGRATION,DEMONSTRATED,AUDIT_REPORT.md; TEST_EVIDENCE.md; RUNTIME_MANIFEST.json,Brak live apply z powodu bezpieczeństwa.,Zachować implementację; uzupełnić brakujący dowód biznesowy/E2E.,R20,,,PLANNED_NOT_ACCEPTED,Status audytu zachowany; mapowanie nie jest potwierdzeniem odbioru.,"Istniejące DEMONSTRATED pozostają objęte regresją, braki mają małe zakończone slice, a nie nową implementację CRM."
F-009,AI_LAB_FOLLOWUP_PLAN.md,554-843,wymaganie,Global Mail workspace,"Decyzje 2026-09-07: Qwen 9B pozostaje reasonerem, Temporary Chat pozostaje dla Visual/Advanced, KB pozostaje, Android przez istniejący emulator; bez równoległego redesignu.",Użytkownik realizuje opisany przypadek w autoryzowanym zakresie.,Read/list/detail/compose mają bounded UI i confirm-send,mail API/UI,PRESENT,ACTIVE,INTEGRATION,NOT_VERIFIED,AUDIT_REPORT.md; TEST_EVIDENCE.md; RUNTIME_MANIFEST.json,Provider mailbox audit nie zwrócił bezpiecznego wyniku.,Zachować implementację; uzupełnić brakujący dowód biznesowy/E2E.,R12,R20,FND-017,PLANNED_NOT_ACCEPTED,Status audytu zachowany; mapowanie nie jest potwierdzeniem odbioru.,Nowy przepływ przyjęcia i powiązania odebrany; historyczne rekordy mają rozstrzygniętą klasę lub jawny backlog zaakceptowany przez właściciela.
F-010,AI_LAB_FOLLOWUP_PLAN.md,870-972,wymaganie,"Mail refresh, reconciliation, thumbnails","Decyzje 2026-09-07: Qwen 9B pozostaje reasonerem, Temporary Chat pozostaje dla Visual/Advanced, KB pozostaje, Android przez istniejący emulator; bez równoległego redesignu.",Użytkownik realizuje opisany przypadek w autoryzowanym zakresie.,"Odświeżenie nie duplikuje, media otwierają internal viewer","mail services, media preview",PARTIAL,ACTIVE,INTEGRATION,FAILED,AUDIT_REPORT.md; TEST_EVIDENCE.md; RUNTIME_MANIFEST.json,Local preparation completion nie wywołuje attachment reconciliation.,Minimalnie naprawić potwierdzony punkt i dodać test przed/po oraz live acceptance.,R12,,FND-003,PLANNED_NOT_ACCEPTED,Status audytu zachowany; mapowanie nie jest potwierdzeniem odbioru.,Nowy przepływ przyjęcia i powiązania odebrany; historyczne rekordy mają rozstrzygniętą klasę lub jawny backlog zaakceptowany przez właściciela.
F-011,AI_LAB_FOLLOWUP_PLAN.md,973-1029,wymaganie,Email->existing Client matching V2,"Decyzje 2026-09-07: Qwen 9B pozostaje reasonerem, Temporary Chat pozostaje dla Visual/Advanced, KB pozostaje, Android przez istniejący emulator; bez równoległego redesignu.",Użytkownik realizuje opisany przypadek w autoryzowanym zakresie.,"Certain link bez konfliktu, ambiguous do review",email_client_matching_service.py,PARTIAL,ACTIVE,INTEGRATION,NOT_VERIFIED,AUDIT_REPORT.md; TEST_EVIDENCE.md; RUNTIME_MANIFEST.json,"Tylko 44 source z markerem V2, 4262 historyczne.",Zachować implementację; uzupełnić brakujący dowód biznesowy/E2E.,R12,R14,FND-003;FND-017;FND-018,PLANNED_NOT_ACCEPTED,Status audytu zachowany; mapowanie nie jest potwierdzeniem odbioru.,Nowy przepływ przyjęcia i powiązania odebrany; historyczne rekordy mają rozstrzygniętą klasę lub jawny backlog zaakceptowany przez właściciela.
F-012,AI_LAB_FOLLOWUP_PLAN.md,1030-1081,wymaganie,Dashboard produkcyjny,"Decyzje 2026-09-07: Qwen 9B pozostaje reasonerem, Temporary Chat pozostaje dla Visual/Advanced, KB pozostaje, Android przez istniejący emulator; bez równoległego redesignu.",Użytkownik realizuje opisany przypadek w autoryzowanym zakresie.,Karty i aktywność są responsywne i autoryzowane,dashboard API/UI,PRESENT,ACTIVE,INTEGRATION,DEMONSTRATED,AUDIT_REPORT.md; TEST_EVIDENCE.md; RUNTIME_MANIFEST.json,Brak live latency sampling w tym audycie.,Zachować implementację; uzupełnić brakujący dowód biznesowy/E2E.,R20,,,PLANNED_NOT_ACCEPTED,Status audytu zachowany; mapowanie nie jest potwierdzeniem odbioru.,"Istniejące DEMONSTRATED pozostają objęte regresją, braki mają małe zakończone slice, a nie nową implementację CRM."
F-013,AI_LAB_FOLLOWUP_PLAN.md,1082-1187,wymaganie,"Kalendarz, zadania, realizacje i notatki","Decyzje 2026-09-07: Qwen 9B pozostaje reasonerem, Temporary Chat pozostaje dla Visual/Advanced, KB pozostaje, Android przez istniejący emulator; bez równoległego redesignu.",Użytkownik realizuje opisany przypadek w autoryzowanym zakresie.,"CRUD, miesiąc, approval absencji i Client 360 działają","work_items, projects, notes, Flutter tasks",PRESENT,ACTIVE,INTEGRATION,DEMONSTRATED,AUDIT_REPORT.md; TEST_EVIDENCE.md; RUNTIME_MANIFEST.json,Mało danych produkcyjnych; brak integracji ofert.,Zachować implementację; uzupełnić brakujący dowód biznesowy/E2E.,R20,,,PLANNED_NOT_ACCEPTED,Status audytu zachowany; mapowanie nie jest potwierdzeniem odbioru.,"Istniejące DEMONSTRATED pozostają objęte regresją, braki mają małe zakończone slice, a nie nową implementację CRM."
F-014,AI_LAB_FOLLOWUP_PLAN.md,1188-1258,wymaganie,Dashboard last activity,"Decyzje 2026-09-07: Qwen 9B pozostaje reasonerem, Temporary Chat pozostaje dla Visual/Advanced, KB pozostaje, Android przez istniejący emulator; bez równoległego redesignu.",Użytkownik realizuje opisany przypadek w autoryzowanym zakresie.,Ostatnie działania mają correct ordering i deep link,dashboard/timeline,PRESENT,ACTIVE,UNIT,DEMONSTRATED,AUDIT_REPORT.md; TEST_EVIDENCE.md; RUNTIME_MANIFEST.json,Brak live stale-data test.,Zachować implementację; uzupełnić brakujący dowód biznesowy/E2E.,R20,,,PLANNED_NOT_ACCEPTED,Status audytu zachowany; mapowanie nie jest potwierdzeniem odbioru.,"Istniejące DEMONSTRATED pozostają objęte regresją, braki mają małe zakończone slice, a nie nową implementację CRM."
F-015,AI_LAB_FOLLOWUP_PLAN.md,1263-1442,wymaganie,Admin Trash i retencja 7 dni,"Decyzje 2026-09-07: Qwen 9B pozostaje reasonerem, Temporary Chat pozostaje dla Visual/Advanced, KB pozostaje, Android przez istniejący emulator; bez równoległego redesignu.",Użytkownik realizuje opisany przypadek w autoryzowanym zakresie.,"Soft-delete, restore i purge są autoryzowane i audytowane","trash service/API/UI, scheduled task",PRESENT,ACTIVE,INTEGRATION,NOT_VERIFIED,AUDIT_REPORT.md; TEST_EVIDENCE.md; RUNTIME_MANIFEST.json,Nie wykonano purge/restore produkcyjnego.,Zachować implementację; uzupełnić brakujący dowód biznesowy/E2E.,R20,R22;R24,,PLANNED_NOT_ACCEPTED,Status audytu zachowany; mapowanie nie jest potwierdzeniem odbioru.,"Istniejące DEMONSTRATED pozostają objęte regresją, braki mają małe zakończone slice, a nie nową implementację CRM."
F-016,AI_LAB_FOLLOWUP_PLAN.md,1443-1495,wymaganie,Admin Backup UI,"Decyzje 2026-09-07: Qwen 9B pozostaje reasonerem, Temporary Chat pozostaje dla Visual/Advanced, KB pozostaje, Android przez istniejący emulator; bez równoległego redesignu.",Użytkownik realizuje opisany przypadek w autoryzowanym zakresie.,"DB-only list, host snapshot, nonblocking save i retention fields",backup API/UI/Supervisor,PRESENT,ACTIVE,E2E,DEMONSTRATED,AUDIT_REPORT.md; TEST_EVIDENCE.md; RUNTIME_MANIFEST.json,Retencja produkcyjna pozostaje wyłączona.,Zachować implementację; uzupełnić brakujący dowód biznesowy/E2E.,R22,R03,,PLANNED_NOT_ACCEPTED,Status audytu zachowany; mapowanie nie jest potwierdzeniem odbioru.,"Operacje wymagane w followup odebrane; wyłączona retencja jest akceptowana wyłącznie jako jawna decyzja właściciela, a nie ukryte COMPLETE."
F-017,AI_LAB_FOLLOWUP_PLAN.md,1496-1525,wymaganie,Windows disaster recovery tool,"Decyzje 2026-09-07: Qwen 9B pozostaje reasonerem, Temporary Chat pozostaje dla Visual/Advanced, KB pozostaje, Android przez istniejący emulator; bez równoległego redesignu.",Użytkownik realizuje opisany przypadek w autoryzowanym zakresie.,Runbook/tool odtwarza stack fail-closed,"operations/hardening, backup scripts",PRESENT,NOT_APPLICABLE,UNIT,NOT_VERIFIED,AUDIT_REPORT.md; TEST_EVIDENCE.md; RUNTIME_MANIFEST.json,Brak live disaster restore.,Zachować implementację; uzupełnić brakujący dowód biznesowy/E2E.,R03,,FND-026,PLANNED_NOT_ACCEPTED,Status audytu zachowany; mapowanie nie jest potwierdzeniem odbioru.,"Zatwierdzony dowód odzyskania oraz punkt odtworzenia dla najbliższej zmiany. W przypadku odmowy escrow odnotowany konkretny blocker odpowiednich wdrożeń, nie zakaz lokalnych poprawek."
F-018,AI_LAB_FOLLOWUP_PLAN.md,1526-1613,wymaganie,Admin Knowledge Base,"Decyzje 2026-09-07: Qwen 9B pozostaje reasonerem, Temporary Chat pozostaje dla Visual/Advanced, KB pozostaje, Android przez istniejący emulator; bez równoległego redesignu.",Użytkownik realizuje opisany przypadek w autoryzowanym zakresie.,"Import, process, review, index i UI są admin-only","knowledge_base_service.py, API/UI",PARTIAL,ACTIVE,E2E,NOT_VERIFIED,AUDIT_REPORT.md; TEST_EVIDENCE.md; RUNTIME_MANIFEST.json,"5 current indexed, 3 current not_ready, 1 current failed.",Zachować implementację; uzupełnić brakujący dowód biznesowy/E2E.,R13,R08;R14,FND-022;FND-031,PLANNED_NOT_ACCEPTED,Status audytu zachowany; mapowanie nie jest potwierdzeniem odbioru.,Zatwierdzony korpus i mechanizm świeżości działają; nie wystarcza liczba itemów ani sam indeks green.
F-019,AI_LAB_FOLLOWUP_PLAN.md,1614-1677,wymaganie,Advanced przez Temporary Chat,"Decyzje 2026-09-07: Qwen 9B pozostaje reasonerem, Temporary Chat pozostaje dla Visual/Advanced, KB pozostaje, Android przez istniejący emulator; bez równoległego redesignu.",Użytkownik realizuje opisany przypadek w autoryzowanym zakresie.,"Tylko trudne przypadki, sanitacja, contract, local acceptance","advanced_analysis_orchestrator.py, Supervisor worker",PRESENT,ACTIVE,INTEGRATION,NOT_VERIFIED,AUDIT_REPORT.md; TEST_EVIDENCE.md; RUNTIME_MANIFEST.json,16 advanced_queued inert; brak live temporary session smoke.,Zachować implementację; uzupełnić brakujący dowód biznesowy/E2E.,R15,R05;R24,FND-035;FND-036,PLANNED_NOT_ACCEPTED,Status audytu zachowany; mapowanie nie jest potwierdzeniem odbioru.,"Obie ścieżki Temporary Chat mają dzisiejszy evidence i wersję workerów; poprawność, użyteczność i bezpieczeństwo odebrane razem."
F-020,AI_LAB_FOLLOWUP_PLAN.md,1678-1721,wymaganie,Semantic Search Coverage V2,"Decyzje 2026-09-07: Qwen 9B pozostaje reasonerem, Temporary Chat pozostaje dla Visual/Advanced, KB pozostaje, Android przez istniejący emulator; bez równoległego redesignu.",Użytkownik realizuje opisany przypadek w autoryzowanym zakresie.,Zapytania naturalne mają mierzalne recall i scope,"global/KB search, Qdrant",PARTIAL,ACTIVE,INTEGRATION,NOT_VERIFIED,AUDIT_REPORT.md; TEST_EVIDENCE.md; RUNTIME_MANIFEST.json,Dokumenty mają tylko 57 punktów/chunks.,Zachować implementację; uzupełnić brakujący dowód biznesowy/E2E.,R14,R08;R13,FND-009;FND-022,PLANNED_NOT_ACCEPTED,Status audytu zachowany; mapowanie nie jest potwierdzeniem odbioru.,"Mierzalne, uzgodnione pokrycie i jakość podobnych realizacji, ze wskazaniem jakiej części archiwum faktycznie dotyczy odpowiedź."
F-021,AI_LAB_FOLLOWUP_PLAN.md,1722-1731,wymaganie,Qdrant restore proof,"Decyzje 2026-09-07: Qwen 9B pozostaje reasonerem, Temporary Chat pozostaje dla Visual/Advanced, KB pozostaje, Android przez istniejący emulator; bez równoległego redesignu.",Użytkownik realizuje opisany przypadek w autoryzowanym zakresie.,Backup/restore odtwarza kolekcje i generacje,"backup restore, qdrant vector store",PRESENT,ACTIVE,INTEGRATION,NOT_VERIFIED,AUDIT_REPORT.md; TEST_EVIDENCE.md; RUNTIME_MANIFEST.json,Brak live restore drill.,Zachować implementację; uzupełnić brakujący dowód biznesowy/E2E.,R03,,FND-026,PLANNED_NOT_ACCEPTED,Status audytu zachowany; mapowanie nie jest potwierdzeniem odbioru.,"Zatwierdzony dowód odzyskania oraz punkt odtworzenia dla najbliższej zmiany. W przypadku odmowy escrow odnotowany konkretny blocker odpowiednich wdrożeń, nie zakaz lokalnych poprawek."
F-022,AI_LAB_FOLLOWUP_PLAN.md,1732-1795,ograniczenie,Security hardening V2,"Decyzje 2026-09-07: Qwen 9B pozostaje reasonerem, Temporary Chat pozostaje dla Visual/Advanced, KB pozostaje, Android przez istniejący emulator; bez równoległego redesignu.",Użytkownik realizuje opisany przypadek w autoryzowanym zakresie.,"Auth, rate limit, CORS, public boundary, secrets i audit fail-closed",auth/security/gateways,PRESENT,ACTIVE,INTEGRATION,DEMONSTRATED,AUDIT_REPORT.md; TEST_EVIDENCE.md; RUNTIME_MANIFEST.json,Backend /version ujawnia development/debug metadata.,Zachować implementację; uzupełnić brakujący dowód biznesowy/E2E.,R22,R04;R05;R20,,PLANNED_NOT_ACCEPTED,Status audytu zachowany; mapowanie nie jest potwierdzeniem odbioru.,"Operacje wymagane w followup odebrane; wyłączona retencja jest akceptowana wyłącznie jako jawna decyzja właściciela, a nie ukryte COMPLETE."
F-023,AI_LAB_FOLLOWUP_PLAN.md,1796-1819,wymaganie,Reprodukowalny Windows build,"Decyzje 2026-09-07: Qwen 9B pozostaje reasonerem, Temporary Chat pozostaje dla Visual/Advanced, KB pozostaje, Android przez istniejący emulator; bez równoległego redesignu.",Użytkownik realizuje opisany przypadek w autoryzowanym zakresie.,Clean source tworzy weryfikowalny podpisany artefakt,"frontend/windows, release scripts",PRESENT,NOT_APPLICABLE,HISTORICAL,NOT_VERIFIED,AUDIT_REPORT.md; TEST_EVIDENCE.md; RUNTIME_MANIFEST.json,Nie budowano w audycie; public stable +29.,Zachować implementację; uzupełnić brakujący dowód biznesowy/E2E.,R04,,,PLANNED_NOT_ACCEPTED,Status audytu zachowany; mapowanie nie jest potwierdzeniem odbioru.,RELEASE_ID + compatibility manifest gotowe. Stan source-ready/staged/deployed/accepted jest rozdzielony. Samo przygotowanie nie oznacza promocji rescue.
F-024,AI_LAB_FOLLOWUP_PLAN.md,1820-1899,wymaganie,Fizyczny Android acceptance,"Decyzje 2026-09-07: Qwen 9B pozostaje reasonerem, Temporary Chat pozostaje dla Visual/Advanced, KB pozostaje, Android przez istniejący emulator; bez równoległego redesignu.",Użytkownik realizuje opisany przypadek w autoryzowanym zakresie.,Istniejący emulator weryfikuje stable client bez kasowania AVD,"frontend/android, Pixel_8 AVD",PARTIAL,NOT_DEPLOYED,HISTORICAL,NOT_VERIFIED,AUDIT_REPORT.md; TEST_EVIDENCE.md; RUNTIME_MANIFEST.json,"AVD istnieje, adb devices empty, brak safe runtime run.","Najpierw domknąć istniejący kod i bezpieczny odbiór runtime, bez tworzenia równoległego pipeline.",R16,R04,FND-016,PLANNED_NOT_ACCEPTED,Status audytu zachowany; mapowanie nie jest potwierdzeniem odbioru.,"Kamień K1: działający CRM + analityczny Asystent, gotowy do osobnego kontrolowanego wydania, mimo nadal otwartych ofert/umów/metod. Nie oznaczać pełnego Masterplan PASS."
F-025,AI_LAB_FOLLOWUP_PLAN.md,1900-2024,wymaganie,Assistant Pipeline V2,"Decyzje 2026-09-07: Qwen 9B pozostaje reasonerem, Temporary Chat pozostaje dla Visual/Advanced, KB pozostaje, Android przez istniejący emulator; bez równoległego redesignu.",Użytkownik realizuje opisany przypadek w autoryzowanym zakresie.,"Durable stages, material, KB, Visual, local, Advanced i chat są spójne","assistant_run_*, unified_assistant_service.py, Flutter",PARTIAL,ACTIVE,INTEGRATION,FAILED,AUDIT_REPORT.md; TEST_EVIDENCE.md; RUNTIME_MANIFEST.json,Main nie tworzy Visual; rescue niewdrożony; chat race w main.,Minimalnie naprawić potwierdzony punkt i dodać test przed/po oraz live acceptance.,R16,R06;R07;R08;R09;R10;R13;R15,FND-002;FND-004,PLANNED_NOT_ACCEPTED,Status audytu zachowany; mapowanie nie jest potwierdzeniem odbioru.,"Kamień K1: działający CRM + analityczny Asystent, gotowy do osobnego kontrolowanego wydania, mimo nadal otwartych ofert/umów/metod. Nie oznaczać pełnego Masterplan PASS."
F-026,AI_LAB_FOLLOWUP_PLAN.md,2025-2039,przyszłe wymaganie,Escrow sekretów backupu,"Decyzje 2026-09-07: Qwen 9B pozostaje reasonerem, Temporary Chat pozostaje dla Visual/Advanced, KB pozostaje, Android przez istniejący emulator; bez równoległego redesignu.",Użytkownik realizuje opisany przypadek w autoryzowanym zakresie.,Odzyskanie konfiguracji nie wymaga pamięci operatora,backup/escrow docs,PARTIAL,DISABLED,CODE_ONLY,OWNER_DECISION,AUDIT_REPORT.md; TEST_EVIDENCE.md; RUNTIME_MANIFEST.json,Wymaga osobnej decyzji i kontroli sekretów.,"Najpierw domknąć istniejący kod i bezpieczny odbiór runtime, bez tworzenia równoległego pipeline.",R03,R01;R23,,PLANNED_NOT_ACCEPTED,Historyczna sekwencja blokuje CHUNK23; wcześniejsze escrow w R03 wymaga jawnego zatwierdzenia kolejności i osobnej zgody operacyjnej.,"Zatwierdzony dowód odzyskania oraz punkt odtworzenia dla najbliższej zmiany. W przypadku odmowy escrow odnotowany konkretny blocker odpowiednich wdrożeń, nie zakaz lokalnych poprawek."
F-027,AI_LAB_FOLLOWUP_PLAN.md,2040-2058,decyzja właściciela,Retention i alerting,"Decyzje 2026-09-07: Qwen 9B pozostaje reasonerem, Temporary Chat pozostaje dla Visual/Advanced, KB pozostaje, Android przez istniejący emulator; bez równoległego redesignu.",Użytkownik realizuje opisany przypadek w autoryzowanym zakresie.,E/F policy 10/12 i 14/60 działa po jawnej aktywacji,"retention service, schedules",PRESENT,DISABLED,INTEGRATION,OWNER_DECISION,AUDIT_REPORT.md; TEST_EVIDENCE.md; RUNTIME_MANIFEST.json,"Konfiguracja live nie ustawiona, delete gate false.","Najpierw domknąć istniejący kod i bezpieczny odbiór runtime, bez tworzenia równoległego pipeline.",R22,,FND-025,PLANNED_NOT_ACCEPTED,Status audytu zachowany; mapowanie nie jest potwierdzeniem odbioru.,"Operacje wymagane w followup odebrane; wyłączona retencja jest akceptowana wyłącznie jako jawna decyzja właściciela, a nie ukryte COMPLETE."
F-028,AI_LAB_FOLLOWUP_PLAN.md,2059-2066,przyszłe wymaganie,n8n retention,"Decyzje 2026-09-07: Qwen 9B pozostaje reasonerem, Temporary Chat pozostaje dla Visual/Advanced, KB pozostaje, Android przez istniejący emulator; bez równoległego redesignu.",Użytkownik realizuje opisany przypadek w autoryzowanym zakresie.,Historia n8n ma politykę bez utraty audytu,n8n runtime/config,UNKNOWN,UNKNOWN,NONE,OWNER_DECISION,AUDIT_REPORT.md; TEST_EVIDENCE.md; RUNTIME_MANIFEST.json,Nie odczytano sekretnej konfiguracji ani nie mutowano n8n.,Przed zmianą wymagana jawna decyzja właściciela i dry-run/rollback.,R22,,,PLANNED_NOT_ACCEPTED,Status audytu zachowany; mapowanie nie jest potwierdzeniem odbioru.,"Operacje wymagane w followup odebrane; wyłączona retencja jest akceptowana wyłącznie jako jawna decyzja właściciela, a nie ukryte COMPLETE."
F-029,AI_LAB_FOLLOWUP_PLAN.md,2067-2114,decyzja właściciela,Contact person product decision,"Decyzje 2026-09-07: Qwen 9B pozostaje reasonerem, Temporary Chat pozostaje dla Visual/Advanced, KB pozostaje, Android przez istniejący emulator; bez równoległego redesignu.",Użytkownik realizuje opisany przypadek w autoryzowanym zakresie.,Właściciel zatwierdza docelową semantykę osób,contact person model/UI,PARTIAL,ACTIVE,INTEGRATION,OWNER_DECISION,AUDIT_REPORT.md; TEST_EVIDENCE.md; RUNTIME_MANIFEST.json,"Model działa, lecz docelowa polityka pozostaje decyzją.",Przed zmianą wymagana jawna decyzja właściciela i dry-run/rollback.,R20,R01,,PLANNED_NOT_ACCEPTED,"C-005: followup CHUNK26 dokumentuje wybraną i wdrożoną opcję ContactPerson B z 22.08.2026. Zweryfikować implementację/runtime, nie żądać ponownej decyzji A/B ani nowej migracji bez nowego wymagania.","Istniejące DEMONSTRATED pozostają objęte regresją, braki mają małe zakończone slice, a nie nową implementację CRM."
F-030,AI_LAB_FOLLOWUP_PLAN.md,2115-2123,decyzja właściciela,Własność dodatkowego PostgreSQL 10,"Decyzje 2026-09-07: Qwen 9B pozostaje reasonerem, Temporary Chat pozostaje dla Visual/Advanced, KB pozostaje, Android przez istniejący emulator; bez równoległego redesignu.",Użytkownik realizuje opisany przypadek w autoryzowanym zakresie.,Nie usuwać przed identyfikacją konsumenta,app-postgres-postgres-1,UNKNOWN,ACTIVE,CODE_ONLY,OWNER_DECISION,AUDIT_REPORT.md; TEST_EVIDENCE.md; RUNTIME_MANIFEST.json,"Kontener aktywny, właściciel nieustalony.",Przed zmianą wymagana jawna decyzja właściciela i dry-run/rollback.,R24,R00,FND-032,PLANNED_NOT_ACCEPTED,Status audytu zachowany; mapowanie nie jest potwierdzeniem odbioru.,Kamień K3: porządek i odbiór po cleanup. Rejestr ma finalny werdykt dla wszystkich kandydatów: usunięto/archiwum/zachowano/pozostaje jawny HOLD z właścicielem.
F-031,AI_LAB_FOLLOWUP_PLAN.md,2124-2132,przyszłe wymaganie,Storage provenance i orphan cleanup,"Decyzje 2026-09-07: Qwen 9B pozostaje reasonerem, Temporary Chat pozostaje dla Visual/Advanced, KB pozostaje, Android przez istniejący emulator; bez równoległego redesignu.",Użytkownik realizuje opisany przypadek w autoryzowanym zakresie.,"Każdy katalog ma właściciela, retention i rollback",data/build/staging/runtime dirs,PARTIAL,ACTIVE,CODE_ONLY,OWNER_DECISION,AUDIT_REPORT.md; TEST_EVIDENCE.md; RUNTIME_MANIFEST.json,Wiele artefaktów outside/ignored; cleanup po odbiorze.,Przed zmianą wymagana jawna decyzja właściciela i dry-run/rollback.,R24,R00;R04,FND-028,PLANNED_NOT_ACCEPTED,Status audytu zachowany; mapowanie nie jest potwierdzeniem odbioru.,Kamień K3: porządek i odbiór po cleanup. Rejestr ma finalny werdykt dla wszystkich kandydatów: usunięto/archiwum/zachowano/pozostaje jawny HOLD z właścicielem.
F-032,AI_LAB_FOLLOWUP_PLAN.md,2133-2141,przyszłe wymaganie,Stare modele/Vision pilot cleanup,"Decyzje 2026-09-07: Qwen 9B pozostaje reasonerem, Temporary Chat pozostaje dla Visual/Advanced, KB pozostaje, Android przez istniejący emulator; bez równoległego redesignu.",Użytkownik realizuje opisany przypadek w autoryzowanym zakresie.,Usunięcie dopiero po dowodzie braku konsumentów i rollbacku,"Ollama inventory, C:\Ollama-Vision-Pilot",PARTIAL,ACTIVE,CODE_ONLY,OWNER_DECISION,AUDIT_REPORT.md; TEST_EVIDENCE.md; RUNTIME_MANIFEST.json,Legacy AI nadal jawnie używa llama3.2; nie wolno usuwać teraz.,Przed zmianą wymagana jawna decyzja właściciela i dry-run/rollback.,R24,R09,,PLANNED_NOT_ACCEPTED,Aktualna decyzja właściciela chroni qwen3.5:9b i aktywny embedding mimo historycznej listy cleanup.,Kamień K3: porządek i odbiór po cleanup. Rejestr ma finalny werdykt dla wszystkich kandydatów: usunięto/archiwum/zachowano/pozostaje jawny HOLD z właścicielem.
F-033,AI_LAB_FOLLOWUP_PLAN.md,2142-2152,przyszłe wymaganie,Historical data quality cleanup,"Decyzje 2026-09-07: Qwen 9B pozostaje reasonerem, Temporary Chat pozostaje dla Visual/Advanced, KB pozostaje, Android przez istniejący emulator; bez równoległego redesignu.",Użytkownik realizuje opisany przypadek w autoryzowanym zakresie.,"Dry-run, conflict review i approval poprzedzają apply",repair scripts/reports,PARTIAL,NOT_APPLICABLE,HISTORICAL,OWNER_DECISION,AUDIT_REPORT.md; TEST_EVIDENCE.md; RUNTIME_MANIFEST.json,Document 8903 nadal uszkodzony; brak zgody na repair.,Przed zmianą wymagana jawna decyzja właściciela i dry-run/rollback.,R24,R11;R12,FND-019,PLANNED_NOT_ACCEPTED,Status audytu zachowany; mapowanie nie jest potwierdzeniem odbioru.,Kamień K3: porządek i odbiór po cleanup. Rejestr ma finalny werdykt dla wszystkich kandydatów: usunięto/archiwum/zachowano/pozostaje jawny HOLD z właścicielem.
F-034,AI_LAB_FOLLOWUP_PLAN.md,2153-2162,wymaganie,Version endpoint i debug metadata,"Decyzje 2026-09-07: Qwen 9B pozostaje reasonerem, Temporary Chat pozostaje dla Visual/Advanced, KB pozostaje, Android przez istniejący emulator; bez równoległego redesignu.",Użytkownik realizuje opisany przypadek w autoryzowanym zakresie.,"Backend, manifest, source i live Web pokazują spójną wersję bez debug","backend /version, version.json, stable manifest",PARTIAL,ACTIVE,E2E,FAILED,AUDIT_REPORT.md; TEST_EVIDENCE.md; RUNTIME_MANIFEST.json,"1.0.0 vs +29 vs +41, environment development/debug true.",Minimalnie naprawić potwierdzony punkt i dodać test przed/po oraz live acceptance.,R04,,FND-015,PLANNED_NOT_ACCEPTED,Status audytu zachowany; mapowanie nie jest potwierdzeniem odbioru.,RELEASE_ID + compatibility manifest gotowe. Stan source-ready/staged/deployed/accepted jest rozdzielony. Samo przygotowanie nie oznacza promocji rescue.
F-035,AI_LAB_FOLLOWUP_PLAN.md,2163-2176,przyszłe wymaganie,Final UX consistency,"Decyzje 2026-09-07: Qwen 9B pozostaje reasonerem, Temporary Chat pozostaje dla Visual/Advanced, KB pozostaje, Android przez istniejący emulator; bez równoległego redesignu.",Użytkownik realizuje opisany przypadek w autoryzowanym zakresie.,Wspierane targety mają jeden zaakceptowany przepływ,Flutter UI/tests/emulator,PARTIAL,ACTIVE,INTEGRATION,NOT_VERIFIED,AUDIT_REPORT.md; TEST_EVIDENCE.md; RUNTIME_MANIFEST.json,"Source 341/341, brak bieżącego runtime Android.",Zachować implementację; uzupełnić brakujący dowód biznesowy/E2E.,R20,R16;R23,FND-016,PLANNED_NOT_ACCEPTED,Status audytu zachowany; mapowanie nie jest potwierdzeniem odbioru.,"Istniejące DEMONSTRATED pozostają objęte regresją, braki mają małe zakończone slice, a nie nową implementację CRM."
